match_id,date,home_elo,away_elo,home_form,away_form,home_win_rate,away_win_rate,home_rest_days,away_rest_days,result
3,2021-08-13,1500.0,1500.0,0,0,0.5,0.5,7,7,H
4,2021-08-14,1500.0,1500.0,0,0,0.5,0.5,7,7,D
5,2021-08-14,1500.0,1500.0,0,0,0.5,0.5,7,7,D
6,2021-08-14,1500.0,1500.0,0,0,0.5,0.5,7,7,A
7,2021-08-14,1500.0,1500.0,0,0,0.5,0.5,7,7,D
8,2021-08-15,1500.0,1500.0,0,0,0.5,0.5,7,7,A
9,2021-08-15,1500.0,1500.0,0,0,0.5,0.5,7,7,H
10,2021-08-15,1500.0,1500.0,0,0,0.5,0.5,7,7,H
11,2021-08-16,1500.0,1500.0,0,0,0.5,0.5,7,7,D
12,2021-08-16,1500.0,1500.0,0,0,0.5,0.5,7,7,D
13,2021-08-20,1502.13,1497.87,1,1,0.5,0.5,6,6,D
14,2021-08-21,1487.87,1497.87,0,1,0.0,0.5,7,7,A
15,2021-08-21,1502.13,1497.87,1,1,0.5,0.5,7,5,D
16,2021-08-21,1502.13,1507.87,1,3,0.5,0.5,5,8,D
17,2021-08-21,1502.13,1507.87,1,3,0.5,0.5,5,6,D
18,2021-08-22,1492.13,1492.13,0,0,0.5,0.0,7,7,H
19,2021-08-22,1512.13,1497.87,3,1,0.5,0.5,7,6,H
20,2021-08-22,1502.13,1512.13,1,3,0.5,1.0,8,8,D
21,2021-08-23,1492.13,1507.87,0,3,0.5,0.5,10,8,A
22,2021-08-23,1497.87,1487.87,1,0,0.0,0.5,9,8,D
23,2021-08-27,1509.72,1499.88,4,2,0.0,0.0,6,6,H
24,2021-08-27,1509.84,1476.02,4,0,1.0,0.5,6,6,H
25,2021-08-28,1490.27,1500.16,1,2,0.0,0.0,5,7,A
26,2021-08-28,1490.39,1519.56,1,6,0.0,1.0,6,5,D
27,2021-08-28,1500.0,1500.28,3,2,1.0,0.0,6,6,H
28,2021-08-28,1499.88,1513.98,2,4,0.0,0.5,8,6,A
29,2021-08-29,1509.84,1480.44,4,0,1.0,0.0,8,6,H
30,2021-08-29,1500.12,1495.48,2,2,0.0,0.5,9,6,A
31,2021-08-29,1484.25,1500.16,0,2,0.5,0.0,7,8,H
32,2021-08-29,1519.61,1500.12,6,2,1.0,0.0,7,8,D
33,2021-09-11,1492.39,1492.57,2,3,0.0,0.0,14,13,D
34,2021-09-11,1512.01,1517.33,5,7,0.0,1.0,14,15,H
35,2021-09-12,1492.28,1516.96,2,7,0.0,1.0,16,14,A
36,2021-09-12,1507.73,1516.81,5,7,0.0,0.0,14,16,A
37,2021-09-12,1487.86,1507.88,2,6,0.0,0.0,14,15,A
38,2021-09-12,1525.71,1478.42,7,1,0.5,0.0,15,15,H
39,2021-09-13,1473.35,1489.08,0,2,0.0,0.0,15,16,A
40,2021-09-13,1491.84,1488.15,2,2,0.0,0.0,15,16,A
41,2021-09-17,1471.8,1476.29,1,2,0.0,0.0,5,5,A
42,2021-09-18,1494.69,1461.66,4,0,1.0,0.0,7,5,H
43,2021-09-18,1528.4,1520.03,10,8,0.5,0.5,6,7,D
44,2021-09-18,1500.77,1490.27,5,3,0.0,0.0,5,7,D
45,2021-09-18,1469.06,1495.85,0,5,0.0,1.0,22,6,A
46,2021-09-19,1509.31,1502.77,7,3,0.5,0.0,8,21,D
47,2021-09-19,1519.45,1520.87,9,7,1.0,0.5,7,22,D
48,2021-09-19,1500.38,1480.84,5,2,0.0,0.0,6,7,D
49,2021-09-19,1528.68,1532.33,10,10,1.0,0.6666666666666666,7,7,A
50,2021-09-20,1516.92,1479.62,7,2,1.0,0.0,22,7,D
51,2021-09-21,1454.68,1526.04,0,11,0.0,1.0,3,3,A
52,2021-09-21,1522.39,1501.68,9,7,0.5,0.0,3,3,A
53,2021-09-21,1492.69,1459.8,4,1,0.0,0.0,3,4,A
54,2021-09-22,1483.5,1457.68,3,0,0.0,0.0,3,4,H
55,2021-09-22,1522.96,1516.66,8,10,1.0,0.5,3,3,H
56,2021-09-22,1544.35,1507.0,13,8,1.0,0.5,3,3,H
57,2021-09-22,1505.08,1498.35,4,6,0.0,0.5,3,4,H
58,2021-09-23,1482.74,1517.36,3,10,0.0,0.5,3,4,A
59,2021-09-23,1507.23,1497.72,8,6,0.0,0.5,5,4,A
60,2021-09-23,1488.3,1513.8,5,8,0.0,0.0,6,3,D
61,2021-09-25,1450.5,1536.15,0,11,0.0,1.0,3,4,H
62,2021-09-25,1508.96,1509.7,7,8,0.6666666666666666,0.3333333333333333,3,4,D
63,2021-09-25,1530.66,1490.67,11,5,1.0,0.0,3,3,H
64,2021-09-25,1551.23,1512.77,13,7,1.0,0.0,3,3,D
65,2021-09-26,1500.13,1494.85,7,7,0.3333333333333333,1.0,4,3,A
66,2021-09-26,1515.21,1479.68,9,3,0.6666666666666666,0.0,3,5,H
67,2021-09-26,1528.52,1490.66,13,5,0.6666666666666666,0.3333333333333333,3,4,H
68,2021-09-26,1514.36,1486.88,10,5,1.0,0.5,5,3,H
69,2021-09-26,1510.11,1444.57,8,0,0.0,0.0,3,5,H
70,2021-09-27,1472.81,1471.58,4,2,0.0,0.0,6,4,H
71,2021-10-01,1511.8,1460.81,8,3,0.3333333333333333,0.0,6,6,H
72,2021-10-02,1507.12,1521.5,9,13,0.0,0.25,6,6,H
73,2021-10-02,1487.86,1472.76,4,2,0.25,0.0,6,6,H
74,2021-10-02,1479.75,1506.85,4,7,0.0,0.3333333333333333,6,7,D
75,2021-10-02,1525.84,1522.14,8,9,0.3333333333333333,0.0,7,6,H
76,2021-10-03,1483.8,1480.65,5,6,0.0,0.3333333333333333,7,6,H
77,2021-10-03,1483.87,1548.07,4,13,0.3333333333333333,0.75,8,8,H
78,2021-10-03,1438.41,1535.38,0,13,0.0,0.6666666666666666,7,7,D
79,2021-10-03,1515.92,1516.27,7,10,0.5,0.6666666666666666,8,7,H
80,2021-10-03,1463.74,1537.47,1,11,0.0,0.3333333333333333,6,8,H
81,2021-10-16,1465.29,1439.04,2,1,0.0,0.0,14,13,D
82,2021-10-16,1534.75,1495.32,11,4,0.75,0.3333333333333333,13,14,H
83,2021-10-17,1513.22,1491.59,10,7,1.0,0.25,15,14,H
84,2021-10-17,1472.86,1527.51,6,8,0.25,0.25,14,14,A
85,2021-10-17,1523.8,1515.39,9,9,0.6666666666666666,1.0,14,15,A
86,2021-10-17,1514.36,1508.22,8,5,0.75,0.25,15,15,H
87,2021-10-18,1454.28,1508.38,3,10,0.25,0.5,17,15,A
88,2021-10-18,1493.56,1478.38,7,5,0.5,0.3333333333333333,15,16,H
89,2021-10-22,1527.75,1473.71,12,4,0.2,0.0,5,19,D
90,2021-10-23,1500.51,1488.5,2,4,0.5,0.25,6,7,D
91,2021-10-23,1470.92,1443.68,5,3,0.0,0.0,5,5,A
92,2021-10-23,1484.3,1501.02,4,10,0.25,0.0,6,5,D
93,2021-10-23,1518.33,1511.45,8,8,0.5,0.0,22,6,H
94,2021-10-24,1538.09,1462.46,10,2,1.0,0.0,7,8,H
95,2021-10-24,1522.07,1538.39,8,10,0.8,0.6,7,21,A
96,2021-10-24,1518.98,1520.51,10,12,0.25,0.2,6,7,H
97,2021-10-24,1533.61,1541.57,10,11,0.5,0.5,22,8,D
98,2021-10-25,1441.88,1462.28,2,6,0.0,0.25,9,8,A
99,2021-10-26,1456.54,1482.64,6,4,0.2,0.2,3,3,H
100,2021-10-26,1502.68,1526.02,10,8,0.6,0.25,3,3,D
101,2021-10-26,1503.76,1458.06,7,2,0.5,0.25,3,3,D
102,2021-10-27,1490.95,1544.01,4,12,0.4,0.4,4,3,D
103,2021-10-27,1512.59,1510.4,9,7,1.0,0.0,3,3,H
104,2021-10-27,1526.9,1498.06,12,3,0.4,0.2,3,4,H
105,2021-10-27,1550.06,1524.19,10,10,0.6666666666666666,1.0,3,5,D
106,2021-10-28,1473.84,1543.48,9,11,0.2,0.4,3,4,A
107,2021-10-28,1477.26,1430.32,5,2,0.25,0.0,6,3,D
108,2021-10-28,1456.54,1531.71,1,8,0.0,0.75,4,4,D
109,2021-10-30,1474.04,1547.23,4,8,0.2,0.6666666666666666,4,3,A
110,2021-10-30,1544.64,1527.02,10,11,1.0,0.8,3,3,H
111,2021-10-30,1490.96,1500.42,3,5,0.4,0.0,3,4,H
112,2021-10-30,1502.58,1465.15,6,9,0.6666666666666666,0.25,3,4,D
113,2021-10-31,1461.4,1490.32,2,5,0.0,0.2,5,4,D
114,2021-10-31,1531.7,1534.0,8,12,0.4,0.6,3,4,H
115,2021-10-31,1433.69,1501.2,3,8,0.0,0.0,3,5,H
116,2021-10-31,1553.63,1527.49,11,8,0.8,0.2,3,5,D
117,2021-11-01,1520.41,1463.68,9,6,1.0,0.4,5,4,D
118,2021-11-01,1456.55,1473.89,2,5,0.0,0.0,4,4,A
119,2021-11-05,1530.32,1460.08,9,3,0.6,0.2,5,5,A
120,2021-11-06,1491.42,1485.53,8,8,0.5,0.16666666666666666,6,5,H
121,2021-11-06,1467.3,1499.45,4,4,0.16666666666666666,0.0,5,7,D
122,2021-11-06,1468.27,1444.9,7,2,0.3333333333333333,0.0,7,5,H
123,2021-11-06,1557.29,1516.79,8,7,0.5,0.16666666666666666,7,5,H
124,2021-11-07,1492.29,1443.47,4,6,0.4,0.0,8,7,H
125,2021-11-07,1499.1,1539.64,5,8,0.5,0.6,8,7,D
126,2021-11-07,1491.64,1463.99,6,4,0.3333333333333333,0.16666666666666666,7,8,D
127,2021-11-07,1519.62,1550.8,8,9,0.16666666666666666,0.5,8,7,A
128,2021-11-07,1526.06,1552.03,9,10,0.5,0.3333333333333333,7,8,A
129,2021-11-19,1437.66,1516.37,2,8,0.0,0.16666666666666666,13,14,D
130,2021-11-20,1466.07,1498.87,5,4,0.14285714285714285,0.0,14,13,D
131,2021-11-20,1563.44,1475.52,13,10,1.0,0.2,13,14,D
132,2021-11-20,1540.63,1508.37,9,5,0.5,0.6666666666666666,13,13,H
133,2021-11-20,1500.68,1499.13,5,8,0.5714285714285714,0.0,14,14,H
134,2021-11-21,1436.89,1474.03,5,5,0.16666666666666666,0.3333333333333333,14,16,H
135,2021-11-21,1477.82,1564.08,8,10,0.2,0.7142857142857143,15,15,A
136,2021-11-21,1466.86,1514.66,2,9,0.16666666666666666,0.5,14,14,A
137,2021-11-21,1562.06,1498.11,11,5,0.6666666666666666,0.16666666666666666,14,14,D
138,2021-11-22,1510.0,1488.77,7,4,0.8333333333333334,0.16666666666666666,16,15,H
139,2021-11-26,1516.26,1468.14,6,5,0.5,0.14285714285714285,7,5,D
140,2021-11-27,1479.89,1464.86,11,6,0.42857142857142855,0.3333333333333333,7,7,A
141,2021-11-27,1501.91,1517.3,6,7,0.42857142857142855,0.14285714285714285,6,5,D
142,2021-11-27,1481.47,1445.81,4,7,0.2857142857142857,0.0,5,6,D
143,2021-11-27,1500.07,1508.51,5,5,0.5,0.0,7,7,A
144,2021-11-28,1525.44,1437.77,9,2,0.42857142857142855,0.0,7,9,H
145,2021-11-28,1491.3,1558.26,5,9,0.5714285714285714,0.5714285714285714,8,7,H
146,2021-11-28,1465.12,1547.63,5,9,0.0,0.5,7,8,A
147,2021-11-28,1573.75,1559.06,13,11,0.6,0.42857142857142855,7,8,H
148,2021-11-29,1501.36,1456.08,2,2,0.14285714285714285,0.14285714285714285,9,8,D
149,2021-12-01,1581.23,1512.86,13,4,0.6666666666666666,0.14285714285714285,3,5,H
150,2021-12-03,1471.54,1467.35,5,8,0.16666666666666666,0.16666666666666666,7,6,H
151,2021-12-04,1551.59,1488.18,8,5,0.8333333333333334,0.0,6,7,H
152,2021-12-04,1520.41,1531.07,8,9,0.625,0.5714285714285714,7,6,A
153,2021-12-04,1557.42,1478.39,11,4,0.5714285714285714,0.14285714285714285,6,7,A
154,2021-12-04,1548.49,1587.32,8,15,0.5714285714285714,0.75,6,3,A
155,2021-12-05,1518.99,1501.07,8,7,0.8571428571428571,0.0,8,7,H
156,2021-12-05,1459.41,1455.33,2,5,0.14285714285714285,0.2857142857142857,6,7,H
157,2021-12-05,1432.13,1498.03,2,2,0.0,0.5714285714285714,7,6,D
158,2021-12-05,1477.4,1500.21,6,6,0.125,0.14285714285714285,8,8,A
159,2021-12-06,1448.89,1506.77,8,3,0.2857142857142857,0.125,9,5,D
160,2021-12-10,1492.55,1465.91,6,6,0.25,0.42857142857142855,6,5,D
161,2021-12-11,1493.68,1431.87,6,2,0.625,0.0,6,6,H
162,2021-12-11,1459.59,1448.4,5,8,0.375,0.0,8,5,D
163,2021-12-11,1511.7,1467.17,9,5,0.375,0.125,6,6,H
164,2021-12-11,1507.26,1557.8,3,10,0.42857142857142855,0.375,5,7,A
165,2021-12-12,1481.97,1526.38,4,8,0.42857142857142855,0.125,8,7,H
166,2021-12-12,1498.29,1508.58,2,8,0.125,0.16666666666666666,7,8,D
167,2021-12-12,1542.9,1537.45,9,5,0.5,0.5,8,8,H
168,2021-12-12,1598.36,1543.25,15,10,0.7142857142857143,0.5714285714285714,8,8,H
169,2021-12-13,1447.57,1479.3,4,7,0.0,0.125,8,10,D
170,2021-12-17,1468.75,1499.93,6,9,0.1111111111111111,0.0,7,6,H
171,2021-12-18,1517.26,1457.16,7,5,0.875,0.14285714285714285,6,7,H
172,2021-12-18,1529.73,1491.09,4,7,0.5,0.0,6,6,A
173,2021-12-18,1510.42,1460.48,8,5,0.5555555555555556,0.1111111111111111,6,7,H
174,2021-12-18,1568.51,1536.83,10,7,0.8571428571428571,0.5,7,6,H
175,2021-12-19,1480.54,1489.71,5,6,0.2857142857142857,0.25,6,9,H
176,2021-12-19,1496.56,1550.63,3,12,0.375,0.625,8,7,H
177,2021-12-19,1450.83,1496.45,6,3,0.25,0.5,8,7,H
178,2021-12-19,1604.78,1446.33,15,4,0.75,0.25,7,6,D
179,2021-12-20,1425.62,1518.39,2,9,0.0,0.25,9,9,A
180,2021-12-21,1504.25,1450.87,7,2,0.5,0.125,3,3,H
181,2021-12-21,1575.53,1516.97,10,10,0.875,0.14285714285714285,3,3,D
182,2021-12-22,1488.67,1529.81,8,6,0.375,0.4444444444444444,3,4,H
183,2021-12-22,1505.96,1598.92,5,13,0.4444444444444444,0.7777777777777778,3,3,A
184,2021-12-31,1527.88,1491.19,11,6,0.4444444444444444,0.0,11,14,A
185,2022-01-02,1459.99,1608.4,9,13,0.3333333333333333,0.8,14,11,H
186,2022-01-02,1520.78,1523.56,3,10,0.5,0.1111111111111111,11,15,H
187,2022-01-02,1453.93,1497.7,4,11,0.25,0.1111111111111111,15,11,D
188,2022-01-02,1444.4,1516.57,1,1,0.3333333333333333,0.4444444444444444,12,15,D
189,2022-01-02,1541.23,1477.5,12,8,0.5555555555555556,0.375,14,16,A
190,2022-01-02,1481.58,1520.63,5,8,0.2222222222222222,0.125,14,12,A
191,2022-01-03,1510.71,1416.13,9,2,0.5555555555555556,0.0,13,14,H
192,2022-01-03,1487.29,1496.47,3,4,0.1111111111111111,0.1111111111111111,15,12,A
193,2022-01-03,1452.19,1571.86,2,10,0.0,0.4444444444444444,15,13,A
194,2022-01-08,1410.66,1470.55,1,5,0.0,0.2222222222222222,5,6,H
195,2022-01-08,1516.65,1491.29,1,10,0.4444444444444444,0.4444444444444444,6,6,H
196,2022-01-08,1498.59,1531.66,11,8,0.4444444444444444,0.2222222222222222,6,6,D
197,2022-01-08,1596.32,1514.77,10,10,0.6666666666666666,0.3333333333333333,6,8,H
198,2022-01-09,1515.61,1527.44,7,9,0.8888888888888888,0.5555555555555556,7,7,D
199,2022-01-09,1580.58,1472.07,13,9,0.7777777777777778,0.0,6,7,H
200,2022-01-09,1444.32,1508.34,2,7,0.3,0.2,7,6,D
201,2022-01-09,1475.42,1443.47,3,2,0.1,0.2222222222222222,6,6,H
202,2022-01-09,1516.19,1528.73,12,3,0.6,0.4,6,7,D
203,2022-01-10,1504.3,1453.03,9,5,0.6666666666666666,0.1,10,8,A
204,2022-01-16,1466.51,1514.41,7,13,0.2222222222222222,0.1111111111111111,6,7,H
205,2022-01-18,1529.23,1444.01,7,3,0.5,0.1111111111111111,9,9,H
206,2022-01-18,1436.46,1490.82,2,6,0.0,0.1,9,8,D
207,2022-01-19,1484.1,1482.44,7,5,0.2,0.4444444444444444,11,10,H
208,2022-01-19,1508.99,1585.74,9,13,0.4,0.5,11,10,D
209,2022-01-20,1466.91,1497.39,8,9,0.4,0.1,11,12,H
210,2022-01-21,1491.41,1534.92,7,7,0.6,0.5,3,3,A
211,2022-01-22,1420.22,1435.86,4,3,0.1,0.2,14,4,A
212,2022-01-22,1505.19,1460.98,10,4,0.5454545454545454,0.2,6,14,H
213,2022-01-22,1585.69,1491.93,11,10,0.8,0.4,3,3,D
214,2022-01-22,1530.51,1509.05,4,7,0.5555555555555556,0.3,13,3,H
215,2022-01-23,1488.67,1474.61,8,4,0.4,0.4,3,4,A
216,2022-01-23,1602.1,1475.74,10,7,0.7,0.18181818181818182,15,7,D
217,2022-01-23,1523.84,1475.63,4,10,0.5,0.0,15,3,D
218,2022-01-23,1513.81,1508.66,7,7,0.8,0.18181818181818182,14,14,A
219,2022-01-23,1438.32,1532.87,2,9,0.2727272727272727,0.2,5,15,A
220,2022-02-04,1479.04,1408.53,10,3,0.45454545454545453,0.0,12,13,H
221,2022-02-05,1480.96,1428.88,8,2,0.3,0.1,13,13,H
222,2022-02-05,1454.29,1447.56,1,5,0.2,0.2727272727272727,14,14,H
223,2022-02-05,1496.44,1501.54,10,4,0.2727272727272727,0.1,14,13,H
224,2022-02-05,1487.12,1581.19,6,9,0.18181818181818182,0.45454545454545453,13,14,D
225,2022-02-06,1501.75,1520.43,4,5,0.36363636363636365,0.4,15,14,D
226,2022-02-06,1542.3,1537.8,11,7,0.6,0.36363636363636365,14,15,H
227,2022-02-06,1545.83,1511.88,7,10,0.5454545454545454,0.1,16,15,A
228,2022-02-06,1596.87,1476.16,8,5,0.6363636363636364,0.09090909090909091,14,14,H
229,2022-02-07,1520.93,1480.51,10,4,0.4,0.09090909090909091,15,17,H
230,2022-02-11,1580.64,1487.46,9,11,0.7272727272727273,0.16666666666666666,6,6,H
231,2022-02-12,1439.87,1504.45,4,10,0.0,0.36363636363636365,7,7,D
232,2022-02-12,1524.92,1601.77,10,10,0.5833333333333334,0.7272727272727273,6,6,D
233,2022-02-12,1493.53,1487.67,4,7,0.7272727272727273,0.45454545454545453,7,7,A
234,2022-02-12,1530.05,1485.08,7,10,0.6,0.0,6,8,H
235,2022-02-13,1422.38,1500.15,2,2,0.25,0.2727272727272727,8,7,H
236,2022-02-13,1402.49,1532.79,3,7,0.09090909090909091,0.5454545454545454,9,7,A
237,2022-02-13,1522.04,1471.26,6,2,0.45454545454545453,0.08333333333333333,7,7,H
238,2022-02-13,1473.71,1550.05,4,11,0.5454545454545454,0.2727272727272727,6,7,D
239,2022-02-14,1461.98,1527.72,3,10,0.2727272727272727,0.25,9,7,H
240,2022-02-16,1536.73,1394.07,10,3,0.6363636363636364,0.0,4,3,A
241,2022-02-18,1481.95,1481.24,10,1,0.36363636363636365,0.09090909090909091,7,6,H
242,2022-02-19,1464.73,1524.97,1,8,0.36363636363636365,0.18181818181818182,6,7,A
243,2022-02-19,1499.95,1521.17,10,7,0.16666666666666666,0.3333333333333333,7,3,A
244,2022-02-19,1439.57,1478.4,5,7,0.0,0.0,7,7,D
245,2022-02-19,1601.71,1432.46,8,4,0.6666666666666666,0.09090909090909091,7,6,H
246,2022-02-20,1473.75,1586.14,2,9,0.5,0.4166666666666667,7,9,D
247,2022-02-20,1490.07,1550.02,2,11,0.3333333333333333,0.25,7,7,A
248,2022-02-20,1541.21,1471.71,10,6,0.5,0.18181818181818182,7,6,H
249,2022-02-20,1517.99,1528.57,10,9,0.45454545454545453,0.36363636363636365,6,7,H
250,2022-02-21,1504.75,1409.62,8,6,0.3333333333333333,0.08333333333333333,9,5,D
251,2022-02-25,1414.16,1489.81,4,10,0.08333333333333333,0.15384615384615385,4,7,H
252,2022-02-26,1465.65,1479.63,6,2,0.3333333333333333,0.25,6,6,A
253,2022-02-26,1479.44,1428.52,8,3,0.5,0.08333333333333333,7,7,D
254,2022-02-26,1473.38,1605.65,1,11,0.6666666666666666,0.6666666666666666,8,7,A
255,2022-02-26,1532.71,1500.21,9,9,0.5833333333333334,0.3333333333333333,7,5,H
256,2022-02-27,1535.4,1474.82,10,3,0.5384615384615384,0.08333333333333333,8,7,H
257,2022-02-27,1585.07,1547.28,7,12,0.75,0.5833333333333334,7,7,H
258,2022-02-27,1520.4,1488.42,8,7,0.5,0.5,7,8,H
259,2022-02-27,1560.45,1526.16,11,10,0.6363636363636364,0.23076923076923078,7,7,H
260,2022-02-28,1454.31,1438.53,0,6,0.3333333333333333,0.25,9,9,D
261,2022-03-02,1453.91,1527.42,6,8,0.3076923076923077,0.3333333333333333,4,3,A
262,2022-03-04,1432.0,1591.93,4,9,0.3076923076923077,0.38461538461538464,6,5,D
263,2022-03-05,1481.4,1541.68,7,13,0.15384615384615385,0.25,6,6,H
264,2022-03-05,1468.54,1475.97,2,6,0.46153846153846156,0.0,6,7,H
265,2022-03-05,1491.37,1451.75,4,1,0.3076923076923077,0.07692307692307693,7,5,H
266,2022-03-05,1614.02,1537.46,11,10,0.6923076923076923,0.38461538461538464,7,3,H
267,2022-03-06,1441.08,1465.02,6,0,0.0,0.08333333333333333,6,8,H
268,2022-03-06,1479.79,1567.4,7,13,0.4166666666666667,0.3076923076923077,9,7,A
269,2022-03-06,1493.21,1443.86,6,6,0.3076923076923077,0.16666666666666666,8,4,H
270,2022-03-06,1540.41,1539.71,9,9,0.5384615384615384,0.38461538461538464,7,8,A
271,2022-03-07,1519.2,1424.18,9,7,0.5,0.07692307692307693,8,10,H
272,2022-03-11,1551.86,1449.63,12,6,0.6153846153846154,0.23076923076923078,5,5,H
273,2022-03-12,1418.72,1476.62,7,5,0.15384615384615385,0.07692307692307693,5,7,D
274,2022-03-12,1444.94,1470.15,1,6,0.3076923076923077,0.14285714285714285,7,6,A
275,2022-03-12,1532.11,1499.78,10,8,0.5714285714285714,0.3076923076923077,7,6,H
276,2022-03-12,1467.89,1498.19,5,7,0.46153846153846156,0.3076923076923077,7,7,D
277,2022-03-13,1456.48,1589.54,0,9,0.6153846153846154,0.35714285714285715,7,9,D
278,2022-03-13,1528.27,1524.66,6,9,0.5,0.21428571428571427,7,6,H
279,2022-03-13,1531.57,1434.39,9,5,0.5384615384615384,0.07692307692307693,8,9,H
280,2022-03-13,1577.04,1490.98,13,7,0.6666666666666666,0.46153846153846156,7,8,H
281,2022-03-14,1437.3,1619.91,3,13,0.2857142857142857,0.6923076923076923,8,9,A
282,2022-03-18,1516.89,1466.61,6,3,0.5384615384615384,0.0,5,6,D
283,2022-03-19,1428.98,1433.52,5,1,0.2857142857142857,0.07142857142857142,6,7,A
284,2022-03-19,1481.57,1499.47,6,7,0.38461538461538464,0.2857142857142857,7,7,A
285,2022-03-19,1485.31,1418.23,6,8,0.21428571428571427,0.07142857142857142,6,7,H
286,2022-03-19,1458.13,1557.16,1,12,0.5714285714285714,0.42857142857142855,6,8,A
287,2022-03-20,1477.11,1430.3,6,0,0.5,0.15384615384615385,8,6,H
288,2022-03-20,1444.33,1539.11,6,10,0.07142857142857142,0.23076923076923078,9,8,H
289,2022-03-20,1492.77,1536.05,5,9,0.35714285714285715,0.5384615384615384,8,7,D
290,2022-03-20,1587.88,1536.98,9,9,0.7692307692307693,0.35714285714285715,7,7,D
291,2022-03-20,1626.91,1582.71,13,13,0.7142857142857143,0.35714285714285715,6,7,A
292,2022-04-02,1470.06,1423.67,4,0,0.42857142857142855,0.14285714285714285,15,13,H
293,2022-04-02,1412.1,1528.54,5,9,0.14285714285714285,0.21428571428571427,14,13,H
294,2022-04-02,1491.86,1613.61,5,12,0.3333333333333333,0.7142857142857143,13,13,A
295,2022-04-02,1566.47,1416.98,15,2,0.6428571428571429,0.07142857142857142,14,14,H
296,2022-04-03,1513.43,1469.94,7,6,0.5,0.2,16,15,H
297,2022-04-03,1536.96,1491.43,7,6,0.5333333333333333,0.42857142857142855,14,15,H
298,2022-04-03,1445.52,1448.82,4,1,0.2857142857142857,0.07692307692307693,15,15,D
299,2022-04-03,1511.1,1454.89,10,8,0.35714285714285715,0.21428571428571427,15,14,D
300,2022-04-03,1596.01,1584.41,15,7,0.6923076923076923,0.3333333333333333,14,14,H
301,2022-04-04,1540.45,1483.74,10,8,0.5714285714285714,0.07142857142857142,15,15,H
302,2022-04-08,1576.85,1443.48,6,5,0.7142857142857143,0.13333333333333333,5,5,H
303,2022-04-09,1458.5,1543.62,8,7,0.13333333333333333,0.5,6,6,A
304,2022-04-09,1417.03,1570.78,0,15,0.26666666666666666,0.4666666666666667,7,7,H
305,2022-04-09,1517.36,1520.15,6,7,0.6,0.2,7,6,D
306,2022-04-09,1622.27,1476.71,12,6,0.6666666666666666,0.0,7,7,H
307,2022-04-10,1484.77,1412.67,6,2,0.26666666666666666,0.06666666666666667,7,8,H
308,2022-04-10,1477.36,1483.2,7,4,0.5333333333333333,0.2857142857142857,6,8,H
309,2022-04-10,1463.23,1546.83,3,10,0.35714285714285715,0.3333333333333333,7,6,A
310,2022-04-10,1423.29,1603.57,7,15,0.2,0.4,8,7,A
311,2022-04-11,1450.86,1507.49,2,11,0.5333333333333333,0.3333333333333333,8,8,D
312,2022-04-15,1556.59,1553.33,10,10,0.6,0.5333333333333333,5,6,D
313,2022-04-16,1453.48,1429.26,3,3,0.3333333333333333,0.13333333333333333,6,7,H
314,2022-04-16,1406.67,1450.33,1,3,0.26666666666666666,0.07142857142857142,6,5,H
315,2022-04-16,1508.02,1490.77,9,9,0.3333333333333333,0.4,5,6,A
316,2022-04-16,1472.32,1515.31,5,4,0.4666666666666667,0.2,7,7,A
317,2022-04-17,1438.85,1416.23,4,4,0.26666666666666666,0.06666666666666667,9,7,A
318,2022-04-17,1558.55,1485.39,12,10,0.6666666666666666,0.06666666666666667,8,7,H
319,2022-04-17,1522.2,1475.17,8,4,0.5333333333333333,0.26666666666666666,8,7,A
320,2022-04-17,1581.48,1626.66,6,12,0.7333333333333333,0.7333333333333333,9,8,A
321,2022-04-18,1610.63,1448.79,15,7,0.7142857142857143,0.2,8,9,A
322,2022-04-19,1422.04,1415.77,3,3,0.3125,0.0625,3,3,H
323,2022-04-19,1555.54,1460.7,11,6,0.5625,0.1875,4,3,A
324,2022-04-19,1526.23,1495.42,7,6,0.5625,0.3125,3,3,H
325,2022-04-20,1564.52,1426.11,12,4,0.6875,0.125,3,3,D
326,2022-04-20,1488.54,1461.4,4,5,0.3125,0.0,3,4,A
327,2022-04-20,1503.37,1637.51,9,12,0.3125,0.75,4,3,A
328,2022-04-21,1479.42,1441.23,7,3,0.5625,0.06666666666666667,4,5,A
329,2022-04-21,1428.97,1570.63,7,5,0.1875,0.3125,4,4,A
330,2022-04-21,1464.72,1508.82,7,5,0.125,0.1875,3,4,A
331,2022-04-21,1554.37,1594.7,11,12,0.5625,0.4375,6,3,A
332,2022-04-24,1605.7,1454.38,12,5,0.6666666666666666,0.125,3,3,A
333,2022-04-29,1578.73,1453.83,7,7,0.6875,0.25,8,8,D
334,2022-04-30,1408.06,1533.27,3,7,0.3125,0.25,11,11,H
335,2022-04-30,1645.83,1466.27,12,6,0.6875,0.0625,10,9,H
336,2022-04-30,1488.38,1420.86,5,6,0.3125,0.125,11,9,D
337,2022-04-30,1519.71,1559.05,8,10,0.5,0.4375,9,10,H
338,2022-05-01,1475.23,1495.05,6,9,0.375,0.4375,12,11,D
339,2022-05-01,1431.58,1475.68,5,4,0.25,0.3125,11,11,D
340,2022-05-01,1470.1,1543.38,8,8,0.5,0.375,7,10,D
341,2022-05-01,1589.97,1429.74,9,6,0.625,0.125,7,12,H
342,2022-05-02,1474.26,1541.01,7,8,0.4375,0.5,12,13,D
343,2022-05-06,1424.75,1543.43,7,8,0.17647058823529413,0.35294117647058826,6,5,H
344,2022-05-07,1425.64,1430.7,6,3,0.35294117647058826,0.11764705882352941,6,6,A
345,2022-05-07,1528.69,1484.49,10,3,0.5294117647058824,0.29411764705882354,7,7,D
346,2022-05-07,1459.02,1473.65,5,7,0.11764705882352941,0.23529411764705882,8,6,H
347,2022-05-07,1476.57,1419.5,4,6,0.29411764705882354,0.058823529411764705,6,7,H
348,2022-05-07,1541.25,1594.08,8,9,0.5294117647058824,0.47058823529411764,5,6,A
349,2022-05-08,1474.02,1470.05,7,8,0.4117647058823529,0.17647058823529413,6,7,D
350,2022-05-08,1521.84,1573.54,7,7,0.5882352941176471,0.35294117647058826,8,9,D
351,2022-05-08,1462.52,1496.63,3,7,0.5294117647058824,0.4117647058823529,8,7,D
352,2022-05-08,1550.08,1649.58,7,15,0.6470588235294118,0.7647058823529411,8,8,H
353,2022-05-10,1487.79,1530.61,3,5,0.29411764705882354,0.47058823529411764,3,3,A
354,2022-05-10,1442.68,1525.38,5,8,0.23529411764705882,0.23529411764705882,3,3,H
355,2022-05-10,1604.71,1482.94,9,7,0.6470588235294118,0.29411764705882354,3,3,H
356,2022-05-11,1413.13,1461.34,6,4,0.35294117647058826,0.058823529411764705,4,3,H
357,2022-05-11,1497.8,1471.79,8,5,0.29411764705882354,0.058823529411764705,3,3,D
358,2022-05-11,1574.21,1413.65,8,6,0.6470588235294118,0.11764705882352941,3,4,D
359,2022-05-11,1465.37,1560.78,7,7,0.35294117647058826,0.4117647058823529,4,3,A
360,2022-05-12,1532.18,1467.3,5,7,0.5294117647058824,0.23529411764705882,6,5,H
361,2022-05-12,1472.29,1521.17,8,8,0.47058823529411764,0.23529411764705882,4,4,A
362,2022-05-12,1638.88,1436.0,12,7,0.7058823529411765,0.11764705882352941,4,6,H
363,2022-05-14,1452.11,1476.87,1,2,0.5,0.2777777777777778,3,4,D
364,2022-05-15,1515.16,1494.97,7,6,0.5,0.3888888888888889,5,4,H
365,2022-05-15,1570.19,1568.3,10,6,0.6666666666666666,0.3333333333333333,4,4,D
366,2022-05-15,1541.53,1452.9,5,8,0.5,0.16666666666666666,5,5,H
367,2022-05-15,1461.13,1642.24,7,12,0.16666666666666666,0.7222222222222222,3,3,D
368,2022-05-15,1478.07,1455.96,7,7,0.3333333333333333,0.2222222222222222,5,4,H
369,2022-05-15,1474.61,1609.59,6,12,0.3888888888888889,0.5,4,5,D
370,2022-05-15,1432.64,1422.36,7,9,0.2222222222222222,0.05555555555555555,3,4,H
371,2022-05-15,1419.55,1461.54,4,8,0.3333333333333333,0.16666666666666666,4,3,H
372,2022-05-15,1531.92,1538.35,10,5,0.5555555555555556,0.3333333333333333,3,3,A
373,2022-05-20,1639.27,1547.14,10,7,0.7222222222222222,0.5,5,5,D
374,2022-05-20,1452.48,1440.23,5,7,0.4444444444444444,0.1111111111111111,5,5,A
375,2022-05-21,1478.31,1485.34,3,7,0.2777777777777778,0.2777777777777778,7,6,H
376,2022-05-22,1448.69,1476.32,4,7,0.3333333333333333,0.05555555555555555,7,7,H
377,2022-05-22,1414.77,1464.09,6,5,0.3888888888888889,0.2222222222222222,7,7,A
378,2022-05-22,1447.29,1450.68,8,2,0.2777777777777778,0.05555555555555555,7,8,D
379,2022-05-22,1487.64,1428.6,3,7,0.2777777777777778,0.1111111111111111,7,7,A
380,2022-05-22,1607.88,1519.97,10,7,0.6666666666666666,0.2777777777777778,7,7,A
381,2022-05-22,1570.48,1522.49,7,10,0.6111111111111112,0.2222222222222222,7,7,H
382,2022-05-22,1550.3,1568.01,7,8,0.5555555555555556,0.4444444444444444,7,7,A
383,2022-08-12,1473.97,1577.08,3,7,0.2631578947368421,0.3157894736842105,82,82,H
384,2022-08-13,1477.28,1452.71,7,3,0.3684210526315789,0.05263157894736842,84,83,D
385,2022-08-13,1500.0,1534.34,0,7,0.5,0.3157894736842105,7,83,A
386,2022-08-13,1593.5,1440.02,10,2,0.631578947368421,0.15789473684210525,83,85,D
387,2022-08-14,1474.83,1538.67,8,7,0.15789473684210525,0.3684210526315789,84,84,A
388,2022-08-14,1486.37,1500.0,6,0,0.3157894736842105,0.5,85,7,H
389,2022-08-14,1500.0,1634.8,0,8,0.5,0.6842105263157895,7,86,A
390,2022-08-15,1515.89,1442.28,7,7,0.5263157894736842,0.15789473684210525,85,85,D
391,2022-08-15,1467.68,1579.65,4,10,0.3684210526315789,0.47368421052631576,85,85,A
392,2022-08-15,1551.62,1457.33,8,4,0.5263157894736842,0.21052631578947367,87,85,H
393,2022-08-19,1455.5,1445.79,4,2,0.47368421052631576,0.15,6,6,A
394,2022-08-19,1566.28,1488.84,6,0,0.631578947368421,0.5,7,6,D
395,2022-08-20,1484.77,1464.5,5,7,0.3,0.2631578947368421,8,6,H
396,2022-08-20,1446.32,1557.09,8,10,0.3684210526315789,0.47368421052631576,5,5,A
397,2022-08-20,1474.49,1643.1,7,8,0.35,0.7,7,6,A
398,2022-08-21,1511.85,1494.63,5,8,0.5,0.2631578947368421,6,7,H
399,2022-08-21,1588.59,1545.51,13,10,0.631578947368421,0.35,6,8,A
400,2022-08-21,1548.99,1587.74,9,8,0.5263157894736842,0.47368421052631576,7,8,A
401,2022-08-22,1451.85,1491.7,3,0,0.3684210526315789,0.5,7,8,D
402,2022-08-22,1491.75,1458.74,0,3,0.5,0.05263157894736842,8,7,H
403,2022-08-26,1498.74,1467.12,3,4,1.0,0.2631578947368421,4,6,A
404,2022-08-26,1566.07,1492.1,13,7,0.55,0.3684210526315789,6,6,H
405,2022-08-27,1450.84,1537.95,4,9,0.35,0.4,5,6,A
406,2022-08-27,1458.18,1437.34,4,8,0.42105263157894735,0.15,8,7,A
407,2022-08-27,1492.71,1562.15,1,6,0.0,0.3,5,8,H
408,2022-08-28,1451.75,1558.78,2,12,0.35,0.38095238095238093,6,7,D
409,2022-08-28,1598.78,1492.96,8,1,0.6,0.0,7,9,H
410,2022-08-28,1443.11,1650.47,3,11,0.45,0.7142857142857143,9,8,A
411,2022-08-29,1457.18,1519.26,4,7,0.15,0.21052631578947367,9,8,A
412,2022-08-29,1487.22,1575.32,7,10,0.35,0.5,8,8,A
413,2022-09-02,1480.09,1446.81,7,4,0.3333333333333333,0.25,7,4,H
414,2022-09-03,1450.03,1485.76,10,3,0.35,0.0,7,8,D
415,2022-09-03,1656.83,1572.03,11,13,0.6842105263157895,0.5,6,8,H
416,2022-09-03,1547.6,1584.94,9,10,0.5,0.5238095238095238,7,5,D
417,2022-09-03,1552.31,1604.0,5,8,0.6,0.5,7,6,A
418,2022-09-04,1486.14,1445.49,6,4,0.3333333333333333,0.19047619047619047,9,8,H
419,2022-09-04,1529.63,1436.74,10,3,0.5238095238095238,0.05,6,7,A
420,2022-09-04,1557.86,1441.19,10,4,0.5263157894736842,0.2,7,8,H
421,2022-09-04,1477.6,1452.67,7,2,0.3333333333333333,0.05,6,7,H
422,2022-09-05,1487.74,1502.55,1,4,0.0,0.0,8,9,H
423,2022-09-09,1486.89,1496.03,4,4,0.5,0.0,6,4,H
424,2022-09-10,1438.7,1484.8,4,9,0.4,0.25,6,6,H
425,2022-09-10,1451.23,1541.64,5,4,0.42857142857142855,0.2857142857142857,6,7,A
426,2022-09-10,1439.83,1614.67,3,10,0.14285714285714285,0.5238095238095238,8,7,A
427,2022-09-10,1586.02,1487.07,10,7,0.6,0.3,7,8,H
428,2022-09-11,1662.53,1448.91,13,8,0.7,0.19047619047619047,8,8,H
429,2022-09-11,1436.21,1515.14,4,7,0.3333333333333333,0.25,7,7,A
430,2022-09-11,1445.47,1546.52,1,7,0.3333333333333333,0.42857142857142855,7,8,H
431,2022-09-11,1566.33,1562.84,10,13,0.5714285714285714,0.36363636363636365,8,7,H
432,2022-09-12,1494.27,1492.93,4,9,0.5,0.35,7,8,A
433,2022-09-16,1487.9,1432.62,4,0,0.5,0.23809523809523808,7,6,A
434,2022-09-17,1445.72,1482.11,5,4,0.3333333333333333,0.0,6,5,H
435,2022-09-17,1621.87,1426.32,13,1,0.6190476190476191,0.19047619047619047,7,6,H
436,2022-09-17,1475.63,1481.7,6,7,0.36363636363636365,0.2857142857142857,7,7,H
437,2022-09-17,1525.03,1447.87,10,7,0.5,0.18181818181818182,6,7,H
438,2022-09-18,1505.09,1456.22,12,4,0.36363636363636365,0.047619047619047616,6,7,A
439,2022-09-18,1555.06,1551.2,10,4,0.55,0.3181818181818182,7,8,D
440,2022-09-18,1574.11,1495.01,12,7,0.5909090909090909,0.0,7,9,H
441,2022-09-18,1535.77,1441.68,7,4,0.47619047619047616,0.09523809523809523,7,8,H
442,2022-09-18,1591.39,1665.72,10,15,0.6190476190476191,0.7272727272727273,8,7,A
443,2022-09-30,1530.91,1473.21,12,4,0.5217391304347826,0.0,13,13,H
444,2022-10-01,1446.21,1552.83,3,8,0.13636363636363635,0.34782608695652173,15,13,D
445,2022-10-01,1469.64,1474.32,7,4,0.36363636363636365,0.0,13,15,A
446,2022-10-01,1553.43,1581.37,5,7,0.5714285714285714,0.5,13,13,A
447,2022-10-01,1454.61,1625.35,7,15,0.36363636363636365,0.5454545454545454,14,14,A
448,2022-10-02,1436.19,1483.67,3,6,0.4090909090909091,0.23809523809523808,14,15,D
449,2022-10-02,1473.66,1579.94,6,12,0.36363636363636365,0.47619047619047616,15,14,H
450,2022-10-02,1489.18,1541.26,7,7,0.6666666666666666,0.4090909090909091,14,14,A
451,2022-10-02,1675.74,1491.67,15,9,0.7142857142857143,0.38095238095238093,14,14,D
452,2022-10-03,1441.99,1422.84,6,1,0.42857142857142855,0.18181818181818182,16,16,H
453,2022-10-07,1498.0,1484.46,7,7,0.34782608695652173,0.22727272727272727,5,5,A
454,2022-10-08,1466.86,1449.35,3,6,0.3333333333333333,0.17391304347826086,8,5,H
455,2022-10-08,1592.72,1478.52,10,4,0.5909090909090909,0.0,7,6,H
456,2022-10-08,1542.08,1537.27,4,12,0.5454545454545454,0.2857142857142857,7,8,D
457,2022-10-08,1457.64,1669.42,7,13,0.34782608695652173,0.7391304347826086,7,6,A
458,2022-10-09,1486.31,1569.04,6,9,0.3333333333333333,0.45454545454545453,8,7,D
459,2022-10-09,1447.12,1435.4,4,4,0.13043478260869565,0.09090909090909091,8,7,D
460,2022-10-09,1551.92,1551.92,10,6,0.5,0.3333333333333333,7,8,H
461,2022-10-09,1632.66,1484.56,15,9,0.6363636363636364,0.2727272727272727,8,7,H
462,2022-10-10,1415.49,1447.3,0,7,0.3181818181818182,0.18181818181818182,7,9,D
463,2022-10-14,1441.95,1451.39,6,6,0.45454545454545453,0.09090909090909091,6,6,D
464,2022-10-15,1473.48,1444.67,4,5,0.5,0.2727272727272727,7,6,D
465,2022-10-15,1496.95,1414.25,10,1,0.391304347826087,0.17391304347826086,8,5,D
466,2022-10-15,1448.53,1539.82,5,5,0.34782608695652173,0.30434782608695654,5,7,A
467,2022-10-15,1539.52,1597.75,10,10,0.5416666666666666,0.5217391304347826,7,7,A
468,2022-10-16,1480.22,1559.79,6,10,0.391304347826087,0.43478260869565216,7,7,A
469,2022-10-16,1675.67,1637.0,13,15,0.6818181818181818,0.5652173913043478,8,7,H
470,2022-10-16,1437.85,1486.54,5,7,0.391304347826087,0.25,7,7,H
471,2022-10-16,1568.82,1474.25,7,3,0.6086956521739131,0.0,7,8,H
472,2022-10-17,1544.05,1485.5,5,7,0.5238095238095238,0.36363636363636365,8,10,H
473,2022-10-18,1549.36,1492.7,8,8,0.5217391304347826,0.2608695652173913,3,3,D
474,2022-10-18,1453.25,1529.04,7,10,0.3333333333333333,0.2727272727272727,4,3,D
475,2022-10-18,1608.24,1440.08,12,7,0.6086956521739131,0.16666666666666666,3,4,D
476,2022-10-19,1447.57,1574.29,6,10,0.125,0.43478260869565216,4,3,D
477,2022-10-19,1477.29,1470.35,4,3,0.25,0.2608695652173913,3,3,H
478,2022-10-19,1569.66,1439.0,12,4,0.5217391304347826,0.17391304347826086,3,4,H
479,2022-10-19,1418.5,1682.51,2,13,0.30434782608695654,0.75,4,3,A
480,2022-10-20,1468.78,1470.58,3,4,0.5,0.0,4,5,H
481,2022-10-20,1479.17,1447.09,4,5,0.3333333333333333,0.08695652173913043,3,4,H
482,2022-10-20,1630.16,1550.39,12,5,0.6521739130434783,0.32,4,3,H
483,2022-10-22,1446.13,1449.05,5,7,0.43478260869565216,0.2608695652173913,4,3,H
484,2022-10-22,1484.98,1574.35,7,15,0.4,0.4583333333333333,3,3,H
485,2022-10-22,1496.32,1434.31,9,4,0.375,0.16666666666666666,4,3,A
486,2022-10-22,1687.55,1545.74,13,6,0.6956521739130435,0.3333333333333333,3,4,H
487,2022-10-23,1440.08,1413.46,5,2,0.4166666666666667,0.16666666666666666,3,4,D
488,2022-10-23,1572.81,1602.19,8,10,0.625,0.5416666666666666,4,5,A
489,2022-10-23,1462.66,1486.18,1,4,0.4,0.34782608695652173,3,3,D
490,2022-10-23,1544.57,1476.7,5,6,0.5454545454545454,0.0,3,3,H
491,2022-10-23,1635.98,1529.02,12,8,0.6666666666666666,0.2608695652173913,3,5,H
492,2022-10-24,1462.67,1453.28,3,5,0.375,0.08695652173913043,5,6,D
493,2022-10-28,1448.07,1437.23,4,6,0.3333333333333333,0.08333333333333333,6,5,D
494,2022-10-29,1470.6,1460.28,6,4,0.6,0.25,6,5,H
495,2022-10-29,1441.1,1613.5,4,13,0.12,0.56,7,6,H
496,2022-10-29,1541.28,1454.08,5,8,0.5,0.16,7,7,A
497,2022-10-29,1482.57,1641.17,6,12,0.36,0.5416666666666666,7,6,A
498,2022-10-30,1487.65,1495.39,5,10,0.36,0.2,7,8,H
499,2022-10-30,1692.01,1461.19,13,2,0.7083333333333334,0.0,8,7,D
500,2022-10-30,1523.83,1550.67,5,7,0.52,0.3076923076923077,7,7,H
501,2022-10-30,1563.93,1561.51,12,5,0.5416666666666666,0.4166666666666667,8,7,A
502,2022-10-31,1416.31,1455.66,3,3,0.2916666666666667,0.08333333333333333,8,7,A
503,2022-11-04,1468.25,1532.45,3,5,0.3333333333333333,0.25,5,5,H
504,2022-11-05,1466.68,1453.83,6,6,0.32,0.25,5,7,D
505,2022-11-05,1487.3,1405.28,7,3,0.5,0.16,6,5,H
506,2022-11-05,1452.69,1495.74,1,7,0.36,0.3333333333333333,7,6,A
507,2022-11-05,1648.81,1478.19,12,9,0.68,0.0,7,7,H
508,2022-11-06,1600.77,1439.66,10,6,0.5833333333333334,0.08,8,9,D
509,2022-11-06,1551.74,1474.93,9,5,0.52,0.25,7,8,D
510,2022-11-06,1542.05,1445.64,6,5,0.5652173913043478,0.2,7,9,A
511,2022-11-06,1573.7,1526.92,8,5,0.6,0.32,7,8,D
512,2022-11-07,1468.44,1684.95,8,13,0.4583333333333333,0.76,9,8,H
513,2022-11-08,1399.52,1477.94,2,6,0.28,0.0,3,4,A
514,2022-11-08,1522.76,1493.07,4,9,0.5384615384615384,0.16666666666666666,4,3,H
515,2022-11-08,1506.66,1652.72,10,12,0.38461538461538464,0.56,3,3,A
516,2022-11-09,1474.28,1464.2,6,7,0.6666666666666666,0.12,4,4,H
517,2022-11-09,1530.29,1547.63,5,7,0.48,0.44,3,3,A
518,2022-11-09,1445.57,1527.48,6,6,0.4,0.2962962962962963,3,3,A
519,2022-11-09,1460.21,1594.85,7,8,0.32,0.5384615384615384,3,3,H
520,2022-11-10,1482.3,1441.77,11,1,0.48,0.24,3,5,D
521,2022-11-10,1479.04,1570.33,3,8,0.34615384615384615,0.44,4,4,H
522,2022-11-10,1671.09,1456.3,10,6,0.68,0.24,3,5,H
523,2022-12-29,1487.84,1479.09,8,11,0.42857142857142855,0.19230769230769232,51,49,D
524,2022-12-29,1559.86,1529.83,5,7,0.5769230769230769,0.24,49,51,D
525,2022-12-29,1583.16,1389.62,5,1,0.56,0.15384615384615385,50,51,H
526,2022-12-30,1456.61,1471.91,6,10,0.3076923076923077,0.23076923076923078,51,51,H
527,2022-12-30,1453.13,1481.88,5,9,0.15384615384615385,0.0,50,51,D
528,2022-12-30,1444.98,1518.64,2,2,0.34615384615384615,0.3076923076923077,50,51,D
529,2022-12-30,1485.99,1674.26,9,10,0.5714285714285714,0.7307692307692307,52,50,A
530,2022-12-31,1660.7,1435.77,15,3,0.6923076923076923,0.07692307692307693,53,52,D
531,2022-12-31,1559.27,1498.67,7,10,0.5,0.36,52,53,H
532,2022-12-31,1537.28,1489.51,6,5,0.5416666666666666,0.24,52,51,H
533,2023-01-06,1386.1,1444.94,1,3,0.2692307692307692,0.23076923076923078,8,7,A
534,2023-01-06,1482.9,1451.81,4,5,0.37037037037037035,0.23076923076923078,6,7,A
535,2023-01-07,1543.89,1681.11,9,10,0.56,0.7407407407407407,7,8,H
536,2023-01-07,1463.61,1479.14,10,6,0.34615384615384615,0.14285714285714285,8,8,H
537,2023-01-07,1442.75,1485.48,4,9,0.38461538461538464,0.14285714285714285,7,9,D
538,2023-01-08,1483.2,1565.56,7,7,0.7142857142857143,0.46153846153846156,9,8,A
539,2023-01-08,1481.46,1556.93,11,5,0.46153846153846156,0.4230769230769231,10,10,A
540,2023-01-08,1518.68,1464.9,2,8,0.46153846153846156,0.11538461538461539,9,9,H
541,2023-01-08,1586.67,1653.72,7,13,0.5769230769230769,0.5769230769230769,10,8,A
542,2023-01-09,1532.77,1492.39,7,7,0.5555555555555556,0.34615384615384615,11,9,D
543,2023-01-13,1455.41,1555.66,5,9,0.3333333333333333,0.32142857142857145,7,6,D
544,2023-01-14,1470.84,1471.47,3,8,0.5,0.18518518518518517,7,6,A
545,2023-01-14,1486.4,1525.14,9,5,0.375,0.2962962962962963,7,6,H
546,2023-01-14,1495.59,1471.92,7,10,0.37037037037037035,0.2222222222222222,5,7,H
547,2023-01-14,1575.35,1529.56,10,8,0.5185185185185185,0.23076923076923078,6,5,H
548,2023-01-15,1458.45,1441.82,7,4,0.3333333333333333,0.07407407407407407,7,8,A
549,2023-01-15,1473.41,1576.44,7,4,0.625,0.5185185185185185,7,7,D
550,2023-01-16,1464.77,1375.64,8,0,0.14814814814814814,0.14814814814814814,10,10,D
551,2023-01-20,1464.69,1456.13,9,6,0.37037037037037035,0.25925925925925924,6,7,H
552,2023-01-21,1483.58,1582.0,8,13,0.4444444444444444,0.48148148148148145,7,7,A
553,2023-01-21,1454.4,1566.92,6,8,0.37037037037037035,0.4444444444444444,6,13,H
554,2023-01-21,1575.64,1458.73,5,3,0.5555555555555556,0.125,6,7,H
555,2023-01-21,1516.18,1460.37,5,6,0.48148148148148145,0.25925925925925924,7,5,H
556,2023-01-22,1554.93,1495.36,10,11,0.5769230769230769,0.125,9,8,H
557,2023-01-22,1380.04,1502.83,1,7,0.25925925925925924,0.3333333333333333,6,8,D
558,2023-01-22,1663.95,1445.87,13,4,0.6666666666666666,0.1111111111111111,14,7,H
559,2023-01-22,1522.91,1669.34,5,7,0.5357142857142857,0.7142857142857143,8,15,A
560,2023-01-23,1469.94,1474.22,4,5,0.35714285714285715,0.0,17,8,D
561,2023-01-27,1476.23,1465.47,6,8,0.5555555555555556,0.10714285714285714,4,6,H
562,2023-01-28,1453.96,1472.33,5,9,0.14285714285714285,0.21428571428571427,7,8,H
563,2023-01-28,1489.05,1667.08,8,13,0.4444444444444444,0.5925925925925926,6,6,A
564,2023-01-28,1522.58,1381.41,7,2,0.5,0.14285714285714285,7,6,H
565,2023-01-28,1442.75,1555.84,3,5,0.32142857142857145,0.42857142857142855,6,7,A
566,2023-01-29,1453.75,1467.93,0,5,0.4444444444444444,0.23076923076923078,8,6,H
567,2023-01-29,1501.46,1580.61,5,7,0.39285714285714285,0.5,7,8,A
568,2023-01-29,1448.49,1514.93,6,5,0.32142857142857145,0.2222222222222222,9,7,H
569,2023-01-29,1677.31,1591.33,9,15,0.6923076923076923,0.5,7,8,D
570,2023-01-30,1561.24,1474.25,13,5,0.5925925925925926,0.21428571428571427,8,9,A
571,2023-02-01,1564.75,1674.2,7,13,0.5555555555555556,0.6071428571428571,4,4,A
572,2023-02-02,1672.98,1459.67,10,4,0.6666666666666666,0.2222222222222222,4,4,H
573,2023-02-03,1505.18,1462.35,2,8,0.5172413793103449,0.25,5,6,H
574,2023-02-04,1457.89,1491.58,8,5,0.39285714285714285,0.32142857142857145,8,6,D
575,2023-02-04,1376.93,1546.89,2,10,0.25,0.3103448275862069,7,5,H
576,2023-02-04,1590.49,1433.84,10,3,0.5714285714285714,0.10714285714285714,6,7,D
577,2023-02-04,1555.74,1458.25,7,8,0.5357142857142857,0.25,3,6,A
578,2023-02-05,1463.94,1676.18,6,10,0.39285714285714285,0.7241379310344828,8,3,H
579,2023-02-05,1481.94,1456.47,5,1,0.4,0.21428571428571427,8,3,H
580,2023-02-05,1595.66,1462.02,13,3,0.5357142857142857,0.1111111111111111,7,7,A
581,2023-02-05,1683.21,1527.05,13,10,0.6785714285714286,0.2857142857142857,4,8,H
582,2023-02-06,1488.6,1483.81,7,6,0.42857142857142855,0.0,7,10,H
583,2023-02-10,1455.62,1489.12,7,7,0.1724137931034483,0.1111111111111111,7,5,H
584,2023-02-11,1476.06,1541.14,5,6,0.6,0.4482758620689655,5,7,A
585,2023-02-11,1522.87,1477.7,9,9,0.5172413793103449,0.20689655172413793,6,6,H
586,2023-02-11,1449.28,1511.91,1,4,0.3448275862068966,0.21428571428571427,6,8,A
587,2023-02-12,1439.67,1496.35,1,9,0.3103448275862069,0.2413793103448276,8,6,D
588,2023-02-12,1472.84,1584.66,10,8,0.3448275862068966,0.5172413793103449,8,8,A
589,2023-02-12,1477.39,1492.76,6,6,0.5,0.3103448275862069,7,8,D
590,2023-02-12,1534.23,1687.39,7,15,0.5714285714285714,0.6206896551724138,8,7,A
591,2023-02-13,1456.71,1580.28,8,10,0.3793103448275862,0.4827586206896552,9,8,A
592,2023-02-15,1662.42,1389.6,7,5,0.6785714285714286,0.13793103448275862,10,11,H
593,2023-02-17,1480.31,1465.78,6,5,0.45454545454545453,0.0,7,6,H
594,2023-02-18,1588.89,1463.9,10,7,0.5172413793103449,0.27586206896551724,5,6,D
595,2023-02-18,1551.43,1475.69,6,7,0.5172413793103449,0.2,7,6,H
596,2023-02-18,1471.03,1526.44,6,4,0.41379310344827586,0.3,7,6,H
597,2023-02-18,1494.46,1664.8,6,10,0.3793103448275862,0.7,6,3,A
598,2023-02-19,1387.22,1448.1,5,7,0.27586206896551724,0.10344827586206896,4,6,A
599,2023-02-19,1496.87,1529.55,10,9,0.4482758620689655,0.27586206896551724,7,8,D
600,2023-02-19,1593.61,1522.27,11,6,0.5517241379310345,0.2413793103448276,7,8,H
601,2023-02-19,1695.18,1464.43,15,7,0.6896551724137931,0.2413793103448276,7,9,H
602,2023-02-20,1439.14,1438.93,2,1,0.3,0.20689655172413793,8,9,H
603,2023-02-24,1376.81,1557.34,4,9,0.26666666666666666,0.4666666666666667,5,6,A
604,2023-02-25,1458.51,1480.46,7,9,0.36666666666666664,0.2,6,7,H
605,2023-02-25,1461.49,1495.66,6,8,0.2,0.23333333333333334,6,6,H
606,2023-02-25,1672.12,1599.63,10,13,0.6896551724137931,0.5333333333333333,7,6,D
607,2023-02-25,1431.06,1583.7,0,8,0.3333333333333333,0.5,5,7,H
608,2023-02-26,1516.25,1487.79,6,6,0.5333333333333333,0.1,7,9,A
609,2023-02-26,1469.09,1469.78,7,7,0.3333333333333333,0.18181818181818182,8,8,H
610,2023-02-26,1458.3,1698.11,4,15,0.5454545454545454,0.6333333333333333,9,7,H
611,2023-02-26,1530.76,1487.14,10,3,0.5333333333333333,0.3,7,8,A
612,2023-02-27,1517.0,1447.01,3,5,0.5517241379310345,0.10344827586206896,9,7,H
613,2023-03-03,1571.5,1470.32,5,9,0.5,0.23333333333333334,6,6,D
614,2023-03-04,1440.96,1500.68,5,9,0.3225806451612903,0.18181818181818182,5,6,H
615,2023-03-04,1472.72,1523.05,6,3,0.5833333333333334,0.2903225806451613,6,5,A
616,2023-03-04,1471.98,1369.76,6,3,0.43333333333333335,0.13333333333333333,7,8,A
617,2023-03-04,1603.64,1517.47,11,7,0.5666666666666667,0.26666666666666666,7,6,H
618,2023-03-05,1461.88,1466.99,7,7,0.45454545454545453,0.13333333333333333,7,8,H
619,2023-03-05,1683.69,1443.26,12,3,0.7,0.2,7,8,H
620,2023-03-05,1486.83,1503.36,8,6,0.43333333333333335,0.23333333333333334,8,7,D
621,2023-03-05,1564.4,1668.12,9,10,0.5333333333333333,0.7096774193548387,9,8,D
622,2023-03-06,1500.43,1476.98,5,10,0.36666666666666664,0.26666666666666666,8,8,D
623,2023-03-10,1475.0,1450.52,7,8,0.22580645161290322,0.1,7,6,D
624,2023-03-11,1667.29,1458.98,8,7,0.6666666666666666,0.12903225806451613,6,6,H
625,2023-03-11,1384.46,1469.9,6,7,0.25806451612903225,0.16666666666666666,7,6,D
626,2023-03-11,1479.74,1485.16,8,6,0.3548387096774194,0.22580645161290322,5,6,H
627,2023-03-11,1440.46,1497.67,3,6,0.3548387096774194,0.3225806451612903,6,5,H
628,2023-03-12,1457.28,1566.82,6,5,0.41935483870967744,0.4838709677419355,8,9,D
629,2023-03-12,1511.8,1462.01,4,3,0.5161290322580645,0.0,8,8,H
630,2023-03-12,1533.76,1565.22,6,10,0.5666666666666667,0.4838709677419355,8,7,D
631,2023-03-12,1505.02,1686.49,7,12,0.5161290322580645,0.6129032258064516,7,7,A
632,2023-03-13,1491.12,1609.3,9,11,0.5,0.5161290322580645,9,9,A
633,2023-03-17,1469.6,1498.0,5,4,0.5,0.22580645161290322,6,5,A
634,2023-03-18,1455.45,1472.21,3,8,0.5384615384615384,0.22580645161290322,6,8,D
635,2023-03-18,1477.14,1482.36,3,6,0.41935483870967744,0.16666666666666666,7,5,D
636,2023-03-18,1455.7,1487.77,6,8,0.3870967741935484,0.25806451612903225,7,7,A
637,2023-03-18,1618.07,1449.95,13,6,0.5806451612903226,0.1935483870967742,5,7,H
638,2023-03-19,1566.47,1458.27,11,4,0.5161290322580645,0.1935483870967742,7,7,H
639,2023-03-19,1488.18,1532.52,5,7,0.3548387096774194,0.3125,8,7,A
640,2023-03-19,1565.83,1384.76,6,4,0.4838709677419355,0.16129032258064516,7,8,H
641,2023-03-19,1453.31,1518.36,8,7,0.34375,0.25806451612903225,9,7,H
642,2023-03-19,1693.52,1670.57,12,11,0.7096774193548387,0.6875,7,8,H
643,2023-03-31,1453.1,1477.3,4,4,0.40625,0.3125,12,12,D
644,2023-04-01,1484.34,1444.47,7,6,0.46153846153846156,0.125,14,14,H
645,2023-04-01,1509.33,1463.02,4,10,0.5,0.0967741935483871,15,13,D
646,2023-04-01,1473.87,1508.64,6,4,0.21875,0.25,14,13,A
647,2023-04-01,1381.04,1700.77,4,12,0.25,0.625,13,13,A
648,2023-04-02,1499.0,1453.79,11,4,0.375,0.0,15,15,D
649,2023-04-02,1663.31,1458.27,8,4,0.6774193548387096,0.15384615384615385,14,16,H
650,2023-04-02,1543.4,1569.56,10,6,0.5483870967741935,0.46875,14,14,H
651,2023-04-02,1622.03,1571.64,13,11,0.59375,0.46875,15,14,H
652,2023-04-03,1445.99,1475.16,6,3,0.375,0.21875,16,16,D
653,2023-04-07,1519.8,1495.67,6,11,0.53125,0.28125,6,5,D
654,2023-04-08,1478.75,1377.11,5,4,0.34375,0.15625,8,7,H
655,2023-04-08,1437.66,1505.97,3,5,0.375,0.25,7,7,A
656,2023-04-08,1560.96,1466.38,5,8,0.5,0.09375,6,7,H
657,2023-04-08,1666.64,1552.0,8,13,0.6875,0.3333333333333333,6,6,A
658,2023-04-09,1454.94,1451.65,4,2,0.46153846153846156,0.1875,7,9,D
659,2023-04-09,1565.1,1462.72,8,6,0.53125,0.21875,7,8,A
660,2023-04-09,1457.12,1444.68,5,7,0.5,0.1875,7,6,H
661,2023-04-09,1476.47,1628.57,3,13,0.40625,0.53125,6,7,A
662,2023-04-10,1704.7,1491.15,12,7,0.71875,0.15384615384615385,9,9,D
663,2023-04-14,1468.65,1484.06,3,5,0.3939393939393939,0.30303030303030304,5,6,H
664,2023-04-15,1566.97,1452.72,13,5,0.5625,0.14285714285714285,7,6,A
665,2023-04-15,1516.16,1566.43,8,8,0.48484848484848486,0.45454545454545453,7,7,H
666,2023-04-15,1550.39,1427.47,5,0,0.5151515151515151,0.12121212121212122,6,7,H
667,2023-04-15,1477.42,1651.67,6,7,0.21212121212121213,0.6666666666666666,6,7,A
668,2023-04-16,1497.96,1371.79,5,4,0.5,0.15151515151515152,6,8,H
669,2023-04-16,1460.9,1697.89,8,13,0.36363636363636365,0.6363636363636364,8,6,D
670,2023-04-16,1636.38,1464.66,15,5,0.6060606060606061,0.0,7,7,H
671,2023-04-16,1437.14,1517.02,4,7,0.36363636363636365,0.2727272727272727,7,9,A
672,2023-04-17,1498.45,1453.87,9,3,0.36363636363636365,0.18181818181818182,10,8,A
673,2023-04-21,1422.62,1470.2,0,5,0.36363636363636365,0.24242424242424243,6,6,D
674,2023-04-22,1475.76,1555.24,4,7,0.36363636363636365,0.45454545454545453,8,7,H
675,2023-04-22,1460.76,1525.45,5,10,0.5333333333333333,0.2727272727272727,6,7,A
676,2023-04-22,1557.14,1476.95,7,5,0.5151515151515151,0.21212121212121213,7,8,H
677,2023-04-22,1467.69,1502.74,5,8,0.42857142857142855,0.14285714285714285,7,6,H
678,2023-04-22,1658.88,1485.14,9,8,0.6666666666666666,0.2727272727272727,7,5,H
679,2023-04-23,1367.01,1427.28,1,4,0.24242424242424243,0.18181818181818182,7,7,A
680,2023-04-23,1693.54,1640.27,11,15,0.696969696969697,0.5454545454545454,7,7,H
681,2023-04-23,1467.18,1465.25,6,6,0.3939393939393939,0.09090909090909091,6,7,H
682,2023-04-23,1526.88,1552.01,10,10,0.5151515151515151,0.35294117647058826,7,8,H
683,2023-04-25,1470.99,1485.89,5,7,0.20588235294117646,0.29411764705882354,4,3,A
684,2023-04-25,1493.88,1662.74,8,9,0.5333333333333333,0.6764705882352942,3,3,H
685,2023-04-25,1545.11,1562.95,6,9,0.5294117647058824,0.4411764705882353,3,3,D
686,2023-04-26,1633.81,1475.0,12,8,0.6176470588235294,0.20588235294117646,3,3,H
687,2023-04-26,1457.43,1450.47,5,5,0.35294117647058826,0.0,3,4,A
688,2023-04-26,1481.28,1356.59,5,0,0.35294117647058826,0.14705882352941177,4,3,H
689,2023-04-26,1471.15,1700.01,5,11,0.4117647058823529,0.6176470588235294,4,3,H
690,2023-04-27,1437.71,1476.54,4,7,0.35294117647058826,0.2,4,5,H
691,2023-04-27,1543.43,1421.83,9,1,0.5454545454545454,0.11764705882352941,4,6,H
692,2023-04-27,1535.75,1535.45,13,10,0.5,0.29411764705882354,5,4,A
693,2023-04-28,1497.6,1564.58,10,7,0.38235294117647056,0.42857142857142855,3,3,A
694,2023-04-29,1351.78,1485.31,0,7,0.23529411764705882,0.20588235294117646,3,3,H
695,2023-04-29,1650.1,1462.78,9,7,0.6764705882352942,0.06666666666666667,4,3,H
696,2023-04-29,1685.85,1543.48,8,4,0.7058823529411765,0.4411764705882353,3,4,H
697,2023-04-30,1459.28,1446.67,4,7,0.2,0.20588235294117646,5,3,H
698,2023-04-30,1548.31,1486.09,9,5,0.5588235294117647,0.2647058823529412,3,4,H
699,2023-04-30,1416.96,1445.12,1,2,0.35294117647058826,0.08823529411764706,3,4,H
700,2023-04-30,1467.58,1637.94,7,12,0.4666666666666667,0.5294117647058824,3,4,A
701,2023-05-01,1470.87,1523.62,8,10,0.4117647058823529,0.29411764705882354,5,4,D
702,2023-05-01,1547.59,1506.52,13,10,0.5294117647058824,0.13333333333333333,4,6,A
703,2023-05-02,1459.16,1363.45,6,3,0.5,0.14285714285714285,3,3,H
704,2023-05-02,1690.3,1487.37,8,9,0.7142857142857143,0.3142857142857143,3,4,H
705,2023-05-02,1574.81,1653.72,10,9,0.5294117647058824,0.6571428571428571,4,3,H
706,2023-05-03,1439.14,1554.55,6,9,0.37142857142857144,0.34285714285714286,3,3,D
707,2023-05-03,1645.26,1466.81,12,7,0.6285714285714286,0.23529411764705882,3,3,H
708,2023-05-03,1436.46,1479.85,1,4,0.34285714285714286,0.2571428571428571,3,3,H
709,2023-05-04,1519.74,1470.23,10,8,0.5625,0.2,3,3,H
710,2023-05-04,1534.37,1425.62,10,4,0.5142857142857142,0.11428571428571428,3,4,H
711,2023-05-04,1524.26,1539.03,10,4,0.4857142857142857,0.42857142857142855,3,5,A
712,2023-05-04,1473.64,1460.26,6,7,0.42857142857142855,0.1875,5,4,H
713,2023-05-12,1463.67,1463.04,7,4,0.4,0.22857142857142856,8,9,H
714,2023-05-13,1584.92,1526.3,10,12,0.5428571428571428,0.1875,11,9,D
715,2023-05-13,1484.01,1464.61,6,6,0.37142857142857144,0.0625,11,11,H
716,2023-05-13,1553.4,1512.54,7,7,0.5714285714285714,0.2857142857142857,10,9,H
717,2023-05-13,1643.61,1445.55,9,4,0.6857142857142857,0.08571428571428572,11,10,H
718,2023-05-14,1470.75,1440.3,3,7,0.37142857142857144,0.2,11,11,A
719,2023-05-14,1358.0,1649.03,3,12,0.2571428571428571,0.5428571428571428,12,11,H
720,2023-05-14,1452.75,1539.52,6,12,0.4375,0.3142857142857143,10,10,A
721,2023-05-14,1420.46,1693.66,4,10,0.37142857142857144,0.6,10,12,A
722,2023-05-15,1550.75,1481.15,7,9,0.5142857142857142,0.2,11,11,H
723,2023-05-19,1455.18,1443.09,4,3,0.2222222222222222,0.17647058823529413,7,5,H
724,2023-05-20,1529.97,1560.18,10,10,0.5882352941176471,0.3333333333333333,7,7,A
725,2023-05-20,1505.76,1457.81,4,3,0.4722222222222222,0.25,7,6,H
726,2023-05-20,1457.26,1471.52,6,7,0.5294117647058824,0.19444444444444445,7,8,H
727,2023-05-20,1442.11,1373.52,3,6,0.3611111111111111,0.1388888888888889,7,6,D
728,2023-05-20,1698.5,1581.26,12,11,0.7222222222222222,0.4444444444444444,6,7,A
729,2023-05-21,1475.08,1415.62,6,4,0.4444444444444444,0.1111111111111111,6,7,A
730,2023-05-21,1633.51,1491.36,9,9,0.6388888888888888,0.3055555555555556,7,8,H
731,2023-05-21,1453.24,1647.05,10,9,0.3611111111111111,0.6388888888888888,7,8,H
732,2023-05-21,1549.18,1556.81,12,7,0.5277777777777778,0.4444444444444444,7,6,D
733,2023-05-23,1451.21,1518.69,3,10,0.3611111111111111,0.17647058823529413,3,3,D
734,2023-05-23,1596.29,1465.53,11,9,0.5277777777777778,0.058823529411764705,3,3,H
735,2023-05-23,1435.54,1683.47,0,9,0.4117647058823529,0.6111111111111112,4,3,H
736,2023-05-24,1377.44,1547.27,7,10,0.2777777777777778,0.3333333333333333,4,3,D
737,2023-05-24,1633.76,1461.4,6,6,0.6944444444444444,0.19444444444444445,3,3,H
738,2023-05-24,1571.46,1462.72,13,6,0.5833333333333334,0.2222222222222222,4,5,H
739,2023-05-24,1558.73,1438.2,8,4,0.5277777777777778,0.08333333333333333,3,4,A
740,2023-05-24,1429.31,1637.96,6,12,0.3611111111111111,0.5277777777777778,3,3,D
741,2023-05-25,1463.25,1466.54,4,10,0.4166666666666667,0.2222222222222222,5,4,H
742,2023-05-25,1486.91,1512.36,6,4,0.3888888888888889,0.2777777777777778,4,5,H
743,2023-05-27,1544.6,1637.64,8,9,0.5135135135135135,0.6216216216216216,3,3,A
744,2023-05-28,1460.85,1450.15,6,3,0.5555555555555556,0.16666666666666666,5,5,D
745,2023-05-28,1503.77,1380.1,4,8,0.4864864864864865,0.13513513513513514,3,4,A
746,2023-05-28,1634.3,1600.97,10,13,0.6486486486486487,0.4594594594594595,4,5,H
747,2023-05-28,1668.87,1471.22,9,7,0.7027027027027027,0.1891891891891892,5,3,H
748,2023-05-28,1457.57,1450.99,6,1,0.24324324324324326,0.24324324324324326,4,5,H
749,2023-05-28,1453.3,1495.49,7,6,0.35135135135135137,0.2972972972972973,4,3,H
750,2023-05-28,1518.9,1543.63,8,7,0.5555555555555556,0.43243243243243246,5,4,A
751,2023-05-28,1458.57,1432.97,7,7,0.3783783783783784,0.13513513513513514,3,4,D
752,2023-05-28,1457.52,1576.62,3,13,0.43243243243243246,0.35135135135135137,4,4,H
753,2023-06-04,1467.77,1468.78,6,6,0.43243243243243246,0.1891891891891892,7,7,H
754,2023-06-04,1486.43,1507.47,6,5,0.40540540540540543,0.16666666666666666,7,7,H
755,2023-06-04,1647.12,1488.61,9,3,0.7027027027027027,0.2702702702702703,8,7,D
756,2023-06-04,1593.99,1535.12,10,8,0.5405405405405406,0.32432432432432434,7,8,H
757,2023-06-04,1565.36,1641.27,10,10,0.5945945945945946,0.5135135135135135,7,7,D
758,2023-06-04,1555.06,1455.75,10,8,0.5135135135135135,0.21621621621621623,7,7,D
759,2023-06-04,1443.3,1672.32,1,9,0.35135135135135137,0.5945945945945946,7,7,H
760,2023-06-04,1395.27,1465.26,8,6,0.2702702702702703,0.21621621621621623,7,7,D
761,2023-06-04,1435.79,1458.43,5,7,0.35135135135135137,0.05555555555555555,7,7,D
762,2023-06-04,1452.56,1462.36,4,10,0.4444444444444444,0.10810810810810811,7,7,D
763,2023-08-11,1459.93,1460.88,5,3,0.5263157894736842,0.18421052631578946,68,68,A
764,2023-08-11,1528.79,1460.39,5,8,0.5,0.21052631578947367,68,68,A
765,2023-08-12,1600.32,1499.01,10,2,0.5526315789473685,0.15789473684210525,69,69,D
766,2023-08-12,1500.0,1475.67,0,9,0.5,0.18421052631578946,7,69,D
767,2023-08-12,1494.47,1641.25,4,10,0.47368421052631576,0.631578947368421,69,69,A
768,2023-08-13,1457.46,1494.89,4,9,0.3684210526315789,0.2894736842105263,70,70,A
769,2023-08-13,1565.38,1550.43,10,8,0.5789473684210527,0.4473684210526316,70,70,A
770,2023-08-13,1464.21,1658.15,8,6,0.3684210526315789,0.5789473684210527,70,70,D
771,2023-08-14,1465.41,1404.03,7,6,0.2631578947368421,0.05263157894736842,71,449,H
772,2023-08-14,1641.25,1445.26,8,8,0.6578947368421053,0.15789473684210525,71,449,H
773,2023-08-18,1478.46,1552.85,7,7,0.4473684210526316,0.34210526315789475,6,5,A
774,2023-08-18,1474.3,1497.22,8,1,0.3684210526315789,0.5,7,6,H
775,2023-08-19,1595.64,1446.38,10,4,0.5384615384615384,0.23684210526315788,7,6,D
776,2023-08-19,1447.83,1649.22,5,10,0.5,0.6410256410256411,8,7,A
777,2023-08-19,1505.97,1486.51,9,4,0.42105263157894735,0.2631578947368421,6,7,A
778,2023-08-20,1503.69,1467.51,2,9,0.5263157894736842,0.10526315789473684,8,7,H
779,2023-08-20,1654.86,1471.67,4,10,0.7105263157894737,0.21052631578947367,7,6,H
780,2023-08-20,1562.96,1644.72,8,11,0.5,0.5,7,6,D
781,2023-08-21,1397.76,1514.89,3,2,0.3684210526315789,0.3157894736842105,7,10,H
782,2023-08-21,1441.79,1472.98,7,6,0.2631578947368421,0.20512820512820512,7,10,A
783,2023-08-25,1488.7,1589.95,1,8,0.0,0.4473684210526316,7,6,D
784,2023-08-25,1452.07,1655.73,5,13,0.358974358974359,0.65,6,6,A
785,2023-08-26,1467.98,1441.31,7,2,0.28205128205128205,0.05263157894736842,6,7,D
786,2023-08-26,1430.53,1468.44,4,7,0.25,0.1794871794871795,5,8,H
787,2023-08-26,1503.68,1510.59,1,5,0.48717948717948717,0.15,5,6,A
788,2023-08-27,1562.87,1658.55,7,7,0.5641025641025641,0.5641025641025641,9,7,A
789,2023-08-27,1482.81,1493.31,8,9,0.38461538461538464,0.3076923076923077,9,8,A
790,2023-08-27,1499.16,1563.16,4,8,0.46153846153846156,0.46153846153846156,8,7,H
791,2023-08-28,1460.6,1408.97,8,6,0.358974358974359,0.05,8,7,H
792,2023-08-28,1484.23,1644.53,9,9,0.4473684210526316,0.48717948717948717,7,8,A
793,2023-09-01,1465.14,1553.46,8,4,0.275,0.358974358974359,6,5,H
794,2023-09-01,1444.16,1445.61,3,4,0.47619047619047616,0.23076923076923078,6,7,A
795,2023-09-02,1589.2,1439.47,6,4,0.525,0.15,8,7,H
796,2023-09-02,1662.19,1467.11,13,8,0.6842105263157895,0.10256410256410256,8,5,H
797,2023-09-02,1402.46,1470.97,3,8,0.4,0.23076923076923078,5,6,H
798,2023-09-02,1553.47,1476.64,8,9,0.48717948717948717,0.225,6,5,H
799,2023-09-03,1522.53,1489.46,7,2,0.55,0.0,8,9,H
800,2023-09-03,1459.5,1508.85,4,7,0.4358974358974359,0.28205128205128205,8,7,D
801,2023-09-03,1505.15,1667.95,9,10,0.41025641025641024,0.575,7,7,A
802,2023-09-15,1470.75,1412.27,6,6,0.4358974358974359,0.047619047619047616,13,13,H
803,2023-09-16,1509.58,1475.52,8,8,0.475,0.20512820512820512,13,15,H
804,2023-09-16,1461.16,1652.12,7,11,0.375,0.5,14,19,H
805,2023-09-16,1457.7,1458.77,7,5,0.35,0.175,15,13,A
806,2023-09-16,1675.48,1559.36,10,8,0.717948717948718,0.45,13,14,H
807,2023-09-17,1463.62,1497.62,5,9,0.375,0.325,15,14,H
808,2023-09-17,1543.08,1432.07,4,2,0.55,0.05,16,16,H
809,2023-09-17,1491.74,1482.47,0,2,0.475,0.0,22,14,H
810,2023-09-17,1665.68,1593.5,13,9,0.6923076923076923,0.4358974358974359,15,15,H
811,2023-09-18,1435.17,1529.51,4,10,0.2857142857142857,0.19047619047619047,16,15,A
812,2023-09-22,1405.94,1516.54,6,10,0.42857142857142855,0.275,7,6,A
813,2023-09-23,1538.96,1470.86,13,5,0.5714285714285714,0.1951219512195122,5,7,H
814,2023-09-23,1488.8,1499.37,6,3,0.4,0.3076923076923077,6,6,D
815,2023-09-23,1680.47,1445.6,13,4,0.725,0.25,7,7,H
816,2023-09-23,1426.97,1474.38,1,9,0.45454545454545453,0.225,6,7,D
817,2023-09-24,1587.5,1472.45,6,7,0.5365853658536586,0.1,7,7,H
818,2023-09-24,1477.09,1548.18,9,6,0.45,0.35,9,7,D
819,2023-09-24,1554.37,1468.56,7,7,0.5,0.2,8,8,D
820,2023-09-24,1474.85,1425.72,2,3,0.0,0.14285714285714285,7,6,H
821,2023-09-24,1638.9,1671.68,8,15,0.6666666666666666,0.6585365853658537,8,7,H
822,2023-09-26,1501.2,1426.17,4,2,0.4878048780487805,0.047619047619047616,3,3,H
823,2023-09-26,1464.76,1683.35,4,15,0.425,0.5853658536585366,3,3,D
824,2023-09-27,1525.52,1467.43,13,6,0.4878048780487805,0.0975609756097561,5,3,D
825,2023-09-27,1662.89,1481.42,12,4,0.7,0.0,3,3,H
826,2023-09-27,1548.3,1545.06,7,15,0.5609756097560976,0.22727272727272727,3,4,A
827,2023-09-27,1472.88,1476.97,5,7,0.2926829268292683,0.21951219512195122,3,3,D
828,2023-09-27,1475.17,1592.52,7,8,0.3902439024390244,0.425,4,3,A
829,2023-09-28,1442.72,1396.96,4,6,0.34146341463414637,0.045454545454545456,5,6,D
830,2023-09-28,1419.15,1550.04,3,5,0.2727272727272727,0.43902439024390244,4,4,D
831,2023-09-28,1486.96,1647.69,4,10,0.3902439024390244,0.4878048780487805,5,4,A
832,2023-09-29,1679.43,1507.13,13,7,0.7317073170731707,0.3,3,3,H
833,2023-09-30,1471.08,1536.08,7,4,0.3902439024390244,0.34146341463414637,3,3,D
834,2023-09-30,1478.99,1468.68,5,5,0.43902439024390244,0.19047619047619047,3,4,D
835,2023-09-30,1557.27,1666.61,15,12,0.5909090909090909,0.6428571428571429,3,3,A
836,2023-09-30,1601.31,1521.87,10,11,0.5476190476190477,0.2926829268292683,3,3,H
837,2023-10-01,1420.24,1420.74,2,4,0.43478260869565216,0.13636363636363635,5,3,D
838,2023-10-01,1400.3,1479.38,4,4,0.4090909090909091,0.3170731707317073,3,3,A
839,2023-10-01,1655.27,1470.87,10,6,0.675,0.1951219512195122,3,4,H
840,2023-10-01,1548.45,1466.38,5,4,0.4878048780487805,0.21951219512195122,3,4,H
841,2023-10-02,1477.7,1439.38,4,4,0.3333333333333333,0.24390243902439024,5,4,H
842,2023-10-06,1516.04,1418.13,8,2,0.47619047619047616,0.045454545454545456,6,5,H
843,2023-10-07,1467.2,1548.26,5,12,0.2857142857142857,0.2608695652173913,6,7,A
844,2023-10-07,1675.62,1489.27,12,4,0.7073170731707317,0.3333333333333333,7,6,H
845,2023-10-07,1471.08,1460.62,6,4,0.4146341463414634,0.21428571428571427,7,6,D
846,2023-10-07,1503.25,1476.58,7,6,0.5,0.21428571428571427,8,7,D
847,2023-10-08,1536.37,1484.55,5,6,0.5476190476190477,0.0,8,6,A
848,2023-10-08,1658.94,1607.13,12,12,0.6829268292682927,0.43902439024390244,7,8,H
849,2023-10-08,1390.42,1554.21,4,8,0.391304347826087,0.42857142857142855,7,7,D
850,2023-10-08,1432.53,1470.8,4,5,0.3333333333333333,0.09523809523809523,6,8,D
851,2023-10-08,1422.86,1683.32,2,13,0.2608695652173913,0.5714285714285714,7,9,D
852,2023-10-20,1485.63,1427.74,4,3,0.38095238095238093,0.13043478260869565,13,12,H
853,2023-10-21,1600.63,1468.67,9,6,0.5581395348837209,0.18604651162790697,13,14,H
854,2023-10-21,1471.85,1551.71,6,6,0.38095238095238093,0.4186046511627907,13,13,D
855,2023-10-21,1500.4,1679.26,8,12,0.4883720930232558,0.6511627906976745,14,14,D
856,2023-10-21,1431.48,1665.45,2,12,0.32558139534883723,0.5,13,13,A
857,2023-10-22,1498.05,1479.42,9,7,0.5,0.20930232558139536,14,15,A
858,2023-10-22,1558.08,1412.73,12,2,0.5652173913043478,0.043478260869565216,15,16,H
859,2023-10-22,1522.87,1392.92,5,2,0.5348837209302325,0.043478260869565216,14,14,D
860,2023-10-22,1678.43,1521.44,11,10,0.7380952380952381,0.2857142857142857,14,16,H
861,2023-10-23,1463.03,1457.38,5,2,0.38095238095238093,0.19047619047619047,16,16,H
862,2023-10-27,1562.47,1425.76,12,2,0.5833333333333334,0.23809523809523808,5,6,H
863,2023-10-28,1408.34,1485.42,2,9,0.4166666666666667,0.2,6,6,A
864,2023-10-28,1682.6,1676.35,11,10,0.7441860465116279,0.6363636363636364,6,7,A
865,2023-10-28,1464.01,1471.99,3,4,0.40476190476190477,0.09302325581395349,7,7,D
866,2023-10-28,1449.66,1503.31,2,6,0.27906976744186046,0.2926829268292683,5,7,D
867,2023-10-29,1551.57,1491.98,7,7,0.5,0.32558139534883723,8,9,H
868,2023-10-29,1492.06,1605.29,7,12,0.42857142857142855,0.42857142857142855,7,8,D
869,2023-10-29,1517.27,1470.75,7,5,0.4883720930232558,0.20930232558139536,7,6,D
870,2023-10-29,1671.17,1398.22,15,3,0.6904761904761905,0.041666666666666664,8,7,H
871,2023-10-30,1421.39,1517.57,3,3,0.25,0.3333333333333333,10,8,A
872,2023-11-03,1495.36,1673.54,9,15,0.4,0.5116279069767442,6,5,H
873,2023-11-04,1485.67,1567.04,6,12,0.3953488372093023,0.2916666666666667,6,8,A
874,2023-11-04,1557.88,1462.11,9,4,0.5116279069767442,0.18181818181818182,6,7,H
875,2023-11-04,1421.2,1503.92,2,6,0.3181818181818182,0.2857142857142857,8,7,D
876,2023-11-04,1604.19,1670.3,10,8,0.5681818181818182,0.5581395348837209,6,7,A
877,2023-11-05,1395.84,1398.4,3,1,0.375,0.041666666666666664,7,8,H
878,2023-11-05,1474.11,1412.0,5,3,0.3953488372093023,0.125,7,6,H
879,2023-11-05,1526.96,1513.91,5,5,0.5227272727272727,0.27906976744186046,6,7,A
880,2023-11-05,1688.65,1493.15,13,7,0.7142857142857143,0.22727272727272727,8,7,D
881,2023-11-06,1473.9,1449.04,5,2,0.37209302325581395,0.18604651162790697,9,9,H
882,2023-11-10,1526.39,1421.42,7,2,0.4772727272727273,0.23255813953488372,5,6,H
883,2023-11-11,1499.67,1576.85,7,12,0.4186046511627907,0.32,6,7,A
884,2023-11-11,1390.46,1593.94,1,7,0.4,0.4186046511627907,6,7,A
885,2023-11-11,1405.75,1481.1,2,7,0.24,0.09090909090909091,6,5,D
886,2023-11-11,1475.86,1508.24,6,12,0.38636363636363635,0.3333333333333333,7,8,D
887,2023-11-11,1682.13,1480.36,11,8,0.6976744186046512,0.20454545454545456,6,6,H
888,2023-11-12,1680.56,1403.79,10,5,0.7272727272727273,0.04,8,7,H
889,2023-11-12,1503.7,1563.32,4,11,0.4772727272727273,0.4090909090909091,8,8,D
890,2023-11-12,1660.66,1514.48,12,5,0.6976744186046512,0.3488372093023256,9,7,H
891,2023-11-24,1401.45,1405.76,5,2,0.4,0.12,12,13,H
892,2023-11-25,1489.73,1682.89,6,10,0.4090909090909091,0.5681818181818182,14,13,D
893,2023-11-25,1476.98,1416.18,8,2,0.4090909090909091,0.22727272727272727,14,15,D
894,2023-11-25,1481.09,1384.0,7,0,0.38636363636363635,0.04,14,14,H
895,2023-11-25,1665.03,1456.66,12,3,0.7045454545454546,0.17777777777777778,13,21,H
896,2023-11-26,1510.11,1474.64,4,4,0.5111111111111111,0.3181818181818182,14,15,H
897,2023-11-26,1600.4,1503.26,7,5,0.5555555555555556,0.27906976744186046,15,14,H
898,2023-11-26,1441.84,1685.51,1,11,0.2727272727272727,0.6444444444444445,20,15,A
899,2023-11-26,1563.77,1509.46,9,10,0.5227272727272727,0.2857142857142857,14,15,H
900,2023-11-27,1586.79,1531.63,15,10,0.6,0.29545454545454547,16,17,D
901,2023-11-29,1453.39,1436.35,2,1,0.3953488372093023,0.18181818181818182,4,3,D
902,2023-12-01,1503.02,1486.5,7,9,0.5,0.08888888888888889,5,6,H
903,2023-12-02,1583.21,1473.26,13,8,0.5769230769230769,0.2,5,7,H
904,2023-12-02,1535.21,1493.01,8,6,0.4888888888888889,0.2222222222222222,5,7,H
905,2023-12-02,1691.0,1397.77,11,1,0.7045454545454546,0.11538461538461539,6,8,H
906,2023-12-02,1467.71,1605.81,4,10,0.37777777777777777,0.4318181818181818,6,6,D
907,2023-12-03,1450.8,1409.45,2,7,0.38636363636363635,0.038461538461538464,4,9,D
908,2023-12-03,1378.58,1570.21,0,11,0.38461538461538464,0.4,8,7,D
909,2023-12-03,1497.84,1517.03,4,7,0.4666666666666667,0.3409090909090909,7,7,D
910,2023-12-03,1679.61,1668.31,10,12,0.7333333333333333,0.5,8,8,H
911,2023-12-04,1419.9,1438.94,2,2,0.3111111111111111,0.17777777777777778,9,5,D
912,2023-12-08,1479.08,1468.13,8,5,0.4,0.1956521739130435,7,6,H
913,2023-12-09,1412.68,1510.45,7,10,0.4230769230769231,0.25,6,8,A
914,2023-12-09,1566.97,1693.15,11,13,0.5333333333333333,0.6521739130434783,6,7,D
915,2023-12-09,1518.63,1604.02,7,8,0.5217391304347826,0.4222222222222222,6,7,A
916,2023-12-09,1447.57,1496.25,3,4,0.37777777777777777,0.2727272727272727,6,6,H
917,2023-12-10,1660.74,1381.82,9,1,0.7111111111111111,0.038461538461538464,7,7,H
918,2023-12-10,1440.53,1469.51,3,2,0.26666666666666666,0.3111111111111111,6,8,D
919,2023-12-10,1687.18,1588.34,10,13,0.7391304347826086,0.34615384615384615,7,8,A
920,2023-12-11,1395.62,1541.96,1,11,0.23076923076923078,0.28888888888888886,9,9,D
921,2023-12-11,1486.26,1418.3,3,3,0.4,0.2222222222222222,9,7,D
922,2023-12-15,1470.83,1482.36,3,3,0.3695652173913043,0.21739130434782608,5,4,H
923,2023-12-16,1422.2,1397.65,4,2,0.30434782608695654,0.1111111111111111,5,5,H
924,2023-12-16,1539.94,1663.05,11,9,0.5,0.4888888888888889,5,6,H
925,2023-12-16,1487.0,1486.65,3,10,0.45652173913043476,0.08695652173913043,7,8,A
926,2023-12-16,1460.56,1672.56,4,10,0.4,0.5555555555555556,8,6,D
927,2023-12-17,1379.51,1456.81,1,5,0.37037037037037035,0.17391304347826086,7,8,D
928,2023-12-17,1613.72,1568.43,10,9,0.5652173913043478,0.391304347826087,8,8,D
929,2023-12-17,1519.79,1439.22,10,3,0.5714285714285714,0.17391304347826086,8,7,D
930,2023-12-17,1691.69,1508.92,11,4,0.7111111111111111,0.3333333333333333,8,8,H
931,2023-12-18,1602.96,1403.33,13,7,0.5925925925925926,0.037037037037037035,8,9,H
932,2023-12-19,1474.17,1464.31,2,2,0.391304347826087,0.19148936170212766,4,3,A
933,2023-12-19,1651.67,1498.79,9,10,0.717391304347826,0.10638297872340426,3,3,D
934,2023-12-19,1390.44,1474.87,2,2,0.2222222222222222,0.26666666666666666,3,3,A
935,2023-12-20,1668.81,1379.58,8,2,0.723404255319149,0.037037037037037035,4,3,H
936,2023-12-20,1551.31,1515.59,11,8,0.5106382978723404,0.3333333333333333,4,3,H
937,2023-12-20,1505.23,1429.41,4,6,0.5106382978723404,0.21739130434782608,3,4,H
938,2023-12-21,1571.76,1606.38,7,13,0.5217391304347826,0.37037037037037035,4,3,D
939,2023-12-21,1443.42,1610.39,4,11,0.2608695652173913,0.43478260869565216,4,4,D
940,2023-12-21,1399.92,1695.38,4,13,0.4074074074074074,0.6382978723404256,3,4,A
941,2023-12-21,1456.75,1479.02,6,6,0.391304347826087,0.30434782608695654,4,6,H
942,2023-12-23,1645.91,1484.6,7,4,0.7021276595744681,0.2826086956521739,4,4,H
943,2024-01-02,1504.55,1461.77,10,2,0.41304347826086957,0.2127659574468085,14,14,A
944,2024-01-02,1607.8,1395.53,9,4,0.5531914893617021,0.03571428571428571,12,12,D
945,2024-01-02,1476.7,1511.14,5,7,0.391304347826087,0.32608695652173914,14,13,H
946,2024-01-03,1380.71,1446.0,1,5,0.21428571428571427,0.1702127659574468,15,13,H
947,2024-01-03,1423.5,1570.61,6,7,0.3191489361702128,0.3829787234042553,14,13,H
948,2024-01-03,1699.77,1465.24,13,9,0.717391304347826,0.1702127659574468,13,13,H
949,2024-01-03,1607.53,1650.0,11,7,0.6071428571428571,0.4782608695652174,13,11,H
950,2024-01-04,1470.53,1377.39,5,2,0.3829787234042553,0.03571428571428571,14,15,H
951,2024-01-04,1480.51,1558.23,4,11,0.44680851063829785,0.2826086956521739,12,15,A
952,2024-01-04,1508.68,1670.99,7,8,0.5,0.5434782608695652,15,15,A
953,2024-01-12,1470.59,1402.32,3,2,0.4375,0.034482758620689655,8,10,A
954,2024-01-13,1501.14,1502.3,7,4,0.4444444444444444,0.3191489361702128,9,11,H
955,2024-01-13,1462.36,1435.55,8,8,0.40425531914893614,0.2127659574468085,10,10,D
956,2024-01-13,1568.15,1601.01,13,7,0.5208333333333334,0.425531914893617,9,11,H
957,2024-01-13,1558.56,1390.43,4,4,0.5106382978723404,0.10714285714285714,10,10,H
958,2024-01-14,1371.88,1616.6,2,13,0.35714285714285715,0.35714285714285715,10,11,D
959,2024-01-14,1436.28,1485.54,4,7,0.2553191489361702,0.20833333333333334,11,12,A
960,2024-01-19,1416.22,1425.54,4,3,0.39285714285714285,0.16666666666666666,7,5,H
961,2024-01-20,1475.04,1509.04,4,7,0.3829787234042553,0.3,18,7,A
962,2024-01-20,1494.4,1459.51,3,8,0.5208333333333334,0.16666666666666666,7,7,D
963,2024-01-20,1496.28,1576.94,10,13,0.40425531914893614,0.2978723404255319,6,7,H
964,2024-01-20,1438.4,1592.22,8,6,0.3333333333333333,0.4166666666666667,7,7,A
965,2024-01-21,1476.03,1491.28,8,7,0.3958333333333333,0.10416666666666667,17,19,H
966,2024-01-21,1702.65,1376.41,13,2,0.723404255319149,0.034482758620689655,18,7,H
967,2024-01-21,1562.52,1678.53,6,10,0.5208333333333334,0.5531914893617021,8,17,A
968,2024-01-21,1612.07,1456.69,11,3,0.6206896551724138,0.2765957446808511,7,9,H
969,2024-01-22,1386.47,1640.93,4,7,0.2413793103448276,0.46808510638297873,9,19,A
970,2024-01-26,1374.61,1424.35,2,7,0.3448275862068966,0.06666666666666667,5,7,A
971,2024-01-27,1599.99,1463.87,6,4,0.5416666666666666,0.22916666666666666,7,7,D
972,2024-01-27,1520.22,1704.46,7,13,0.5,0.6458333333333334,7,6,A
973,2024-01-27,1687.36,1491.33,10,4,0.7291666666666666,0.3125,6,7,A
974,2024-01-27,1462.57,1553.69,6,5,0.3958333333333333,0.375,7,6,A
975,2024-01-28,1430.63,1616.27,7,11,0.32653061224489793,0.3448275862068966,8,7,A
976,2024-01-28,1417.41,1566.78,2,12,0.25,0.2916666666666667,9,8,D
977,2024-01-28,1452.49,1484.33,3,10,0.42857142857142855,0.2978723404255319,7,7,D
978,2024-01-28,1646.18,1506.44,7,13,0.7083333333333334,0.22448979591836735,6,8,H
979,2024-01-29,1482.98,1381.22,7,3,0.40425531914893614,0.10344827586206896,8,7,H
980,2024-01-31,1670.83,1485.56,10,10,0.7142857142857143,0.2916666666666667,4,3,H
981,2024-01-31,1650.68,1469.29,10,4,0.7142857142857143,0.22448979591836735,3,4,H
982,2024-02-01,1488.29,1711.41,7,15,0.4166666666666667,0.6530612244897959,3,5,A
983,2024-02-02,1564.67,1453.03,10,5,0.5306122448979592,0.16326530612244897,5,6,H
984,2024-02-03,1501.94,1363.88,12,1,0.4166666666666667,0.03333333333333333,6,8,H
985,2024-02-03,1375.91,1513.26,3,6,0.23333333333333334,0.36363636363636365,5,7,D
986,2024-02-03,1435.08,1674.48,10,12,0.41379310344827586,0.5625,8,3,A
987,2024-02-03,1623.18,1594.57,11,6,0.6333333333333333,0.42857142857142855,6,7,D
988,2024-02-04,1507.86,1419.52,7,2,0.5102040816326531,0.16326530612244897,8,7,D
989,2024-02-04,1481.91,1423.71,7,4,0.40816326530612246,0.20833333333333334,4,7,A
990,2024-02-04,1563.23,1482.32,7,4,0.5102040816326531,0.10204081632653061,8,3,D
991,2024-02-04,1717.39,1654.4,15,12,0.7291666666666666,0.4791666666666667,3,4,D
992,2024-02-05,1465.57,1451.26,4,1,0.375,0.2708333333333333,5,8,A
993,2024-02-09,1423.9,1559.02,2,7,0.24489795918367346,0.3877551020408163,5,5,A
994,2024-02-10,1429.49,1503.48,10,5,0.4,0.32653061224489793,7,6,D
995,2024-02-10,1597.46,1468.25,6,7,0.5306122448979592,0.2857142857142857,7,6,A
996,2024-02-10,1713.62,1620.29,13,11,0.7142857142857143,0.36666666666666664,6,7,H
997,2024-02-10,1511.49,1506.48,7,12,0.45454545454545453,0.22,7,7,H
998,2024-02-11,1486.52,1437.36,4,7,0.40816326530612246,0.22448979591836735,7,7,H
999,2024-02-11,1447.94,1453.05,2,4,0.3877551020408163,0.22,9,6,H
1000,2024-02-11,1463.77,1658.18,4,10,0.42,0.46938775510204084,6,7,H
1001,2024-02-11,1680.08,1377.69,12,4,0.72,0.1,8,8,D
1002,2024-02-12,1359.34,1569.76,1,10,0.3333333333333333,0.2857142857142857,9,10,D
1003,2024-02-16,1503.51,1493.1,6,7,0.5,0.1,6,5,D
1004,2024-02-17,1644.87,1519.22,10,10,0.72,0.3333333333333333,6,7,H
1005,2024-02-17,1483.54,1415.62,7,2,0.4,0.16,7,8,H
1006,2024-02-17,1430.79,1672.12,4,10,0.32,0.5714285714285714,6,6,A
1007,2024-02-17,1498.74,1477.08,9,7,0.42857142857142855,0.2857142857142857,7,6,D
1008,2024-02-18,1445.04,1719.12,1,13,0.3673469387755102,0.66,7,8,D
1009,2024-02-18,1385.64,1363.06,2,2,0.22580645161290322,0.03225806451612903,7,6,D
1010,2024-02-18,1455.96,1582.18,5,5,0.4,0.42,7,8,A
1011,2024-02-18,1567.31,1429.46,10,10,0.5,0.0967741935483871,9,8,D
1012,2024-02-19,1566.05,1614.79,8,8,0.54,0.3548387096774194,7,9,H
1013,2024-02-23,1590.72,1501.1,8,7,0.52,0.32,5,7,A
1014,2024-02-24,1677.67,1495.51,10,8,0.7058823529411765,0.09803921568627451,7,8,H
1015,2024-02-24,1434.92,1447.42,8,4,0.3870967741935484,0.16,6,6,D
1016,2024-02-24,1365.79,1649.66,2,10,0.3225806451612903,0.46,6,7,D
1017,2024-02-25,1409.51,1425.24,2,3,0.24,0.22,8,8,D
1018,2024-02-25,1561.85,1575.3,8,8,0.49019607843137253,0.28,7,6,H
1019,2024-02-25,1514.43,1489.64,7,7,0.5,0.3,8,8,D
1020,2024-02-25,1713.94,1479.79,11,8,0.72,0.28,7,8,H
1021,2024-02-26,1605.54,1450.21,7,2,0.6129032258064516,0.21568627450980393,7,8,H
1022,2024-03-01,1426.93,1371.17,4,3,0.3137254901960784,0.03125,5,6,H
1023,2024-03-02,1476.9,1576.3,8,5,0.43137254901960786,0.43137254901960786,6,8,H
1024,2024-03-02,1446.02,1407.82,1,3,0.36,0.1568627450980392,5,6,D
1025,2024-03-02,1491.8,1511.64,5,5,0.42,0.3076923076923077,7,6,D
1026,2024-03-02,1496.03,1716.83,7,11,0.42,0.6470588235294118,14,6,D
1027,2024-03-03,1515.51,1382.91,9,3,0.49019607843137253,0.0967741935483871,9,14,H
1028,2024-03-03,1644.28,1570.09,8,11,0.7254901960784313,0.4,8,7,H
1029,2024-03-03,1449.2,1609.74,4,7,0.39215686274509803,0.34375,8,6,H
1030,2024-03-03,1567.05,1681.38,8,13,0.5490196078431373,0.58,7,8,D
1031,2024-03-04,1492.44,1433.14,7,6,0.4117647058823529,0.09375,8,9,H
1032,2024-03-08,1680.25,1461.62,11,7,0.7115384615384616,0.1568627450980392,5,5,H
1033,2024-03-09,1499.99,1490.22,5,6,0.4117647058823529,0.09615384615384616,7,7,H
1034,2024-03-09,1410.97,1650.24,3,8,0.23529411764705882,0.45098039215686275,7,6,H
1035,2024-03-09,1378.26,1565.6,3,4,0.21875,0.4230769230769231,6,7,A
1036,2024-03-09,1597.32,1498.75,4,10,0.625,0.29411764705882354,6,5,H
1037,2024-03-10,1426.82,1442.87,3,2,0.375,0.21153846153846154,6,8,H
1038,2024-03-10,1513.21,1568.18,6,8,0.46153846153846156,0.27450980392156865,8,7,A
1039,2024-03-10,1712.86,1433.34,9,7,0.7254901960784313,0.21568627450980393,8,9,H
1040,2024-03-10,1564.14,1520.16,8,9,0.5,0.3333333333333333,7,7,A
1041,2024-03-11,1364.77,1487.61,3,10,0.3125,0.27450980392156865,10,9,D
1042,2024-03-15,1572.48,1425.37,6,5,0.5098039215686274,0.15384615384615385,6,6,H
1043,2024-03-16,1458.5,1371.38,7,3,0.40384615384615385,0.09375,8,7,H
1044,2024-03-16,1493.37,1715.16,10,11,0.4230769230769231,0.6346153846153846,7,6,A
1045,2024-03-16,1482.62,1602.71,5,6,0.4117647058823529,0.3333333333333333,7,7,H
1046,2024-03-16,1578.75,1435.14,8,6,0.5384615384615384,0.09090909090909091,6,6,H
1047,2024-03-17,1486.24,1431.04,8,4,0.4423076923076923,0.21153846153846154,6,7,A
1048,2024-03-17,1502.64,1366.14,5,4,0.42857142857142855,0.030303030303030304,7,6,A
1049,2024-03-17,1533.45,1507.6,11,8,0.5,0.21568627450980393,7,8,H
1050,2024-03-17,1434.55,1550.85,2,7,0.35294117647058826,0.39215686274509803,7,7,H
1051,2024-03-17,1635.83,1683.36,7,11,0.7307692307692307,0.5686274509803921,8,9,A
1052,2024-03-29,1421.02,1365.74,5,2,0.25,0.09090909090909091,14,13,H
1053,2024-03-30,1493.91,1472.66,5,5,0.4230769230769231,0.2692307692307692,14,13,A
1054,2024-03-30,1381.57,1487.36,6,7,0.30303030303030304,0.28846153846153844,13,14,A
1055,2024-03-30,1500.42,1464.15,5,7,0.4230769230769231,0.15384615384615385,13,14,D
1056,2024-03-30,1694.15,1487.2,13,2,0.7169811320754716,0.2857142857142857,13,13,H
1057,2024-03-31,1444.62,1445.73,7,5,0.3269230769230769,0.20754716981132076,14,14,D
1058,2024-03-31,1591.42,1539.66,6,4,0.6363636363636364,0.38461538461538464,15,14,H
1059,2024-03-31,1430.72,1576.83,5,9,0.3939393939393939,0.4339622641509434,15,16,A
1060,2024-03-31,1721.17,1583.18,11,10,0.7307692307692307,0.28846153846153844,15,15,H
1061,2024-04-01,1540.63,1625.04,13,7,0.5094339622641509,0.4423076923076923,15,15,A
1062,2024-04-04,1359.32,1497.33,1,6,0.21212121212121213,0.21153846153846154,6,5,A
1063,2024-04-12,1533.16,1442.53,3,8,0.49056603773584906,0.22641509433962265,12,12,H
1064,2024-04-13,1634.77,1597.92,7,9,0.7169811320754716,0.3235294117647059,12,13,H
1065,2024-04-13,1447.83,1481.21,5,4,0.36538461538461536,0.09433962264150944,13,14,D
1066,2024-04-13,1467.24,1725.71,8,13,0.41509433962264153,0.6415094339622641,14,13,A
1067,2024-04-13,1427.44,1697.45,8,13,0.2641509433962264,0.5769230769230769,15,14,A
1068,2024-04-14,1483.91,1485.36,2,7,0.4,0.2830188679245283,15,15,A
1069,2024-04-14,1351.12,1422.73,0,4,0.20588235294117646,0.08823529411764706,10,14,H
1070,2024-04-14,1578.64,1530.9,7,12,0.5471698113207547,0.34615384615384615,14,13,D
1071,2024-04-14,1584.81,1372.45,9,5,0.5192307692307693,0.058823529411764705,14,15,D
1072,2024-04-15,1496.48,1505.53,7,8,0.41509433962264153,0.22641509433962265,16,11,A
1073,2024-04-19,1575.25,1361.02,8,3,0.5370370370370371,0.08823529411764706,5,5,D
1074,2024-04-20,1436.96,1471.82,7,1,0.32075471698113206,0.26666666666666666,8,6,H
1075,2024-04-20,1446.64,1484.6,6,6,0.3584905660377358,0.3018867924528302,7,5,H
1076,2024-04-20,1517.41,1538.72,10,3,0.41509433962264153,0.37735849056603776,5,8,A
1077,2024-04-20,1591.03,1422.52,6,7,0.6470588235294118,0.1509433962264151,7,7,H
1078,2024-04-21,1482.4,1578.03,5,10,0.41509433962264153,0.4444444444444444,8,7,D
1079,2024-04-21,1379.24,1534.29,5,10,0.29411764705882354,0.33962264150943394,7,7,A
1080,2024-04-21,1412.83,1641.66,3,9,0.38235294117647056,0.4528301886792453,7,8,H
1081,2024-04-21,1730.87,1702.36,13,13,0.7358490566037735,0.5849056603773585,8,8,H
1082,2024-04-22,1497.44,1462.08,10,7,0.4339622641509434,0.1509433962264151,8,9,H
1083,2024-04-26,1577.43,1737.98,11,15,0.5094339622641509,0.6481481481481481,5,5,A
1084,2024-04-27,1462.97,1594.98,0,9,0.375,0.3142857142857143,7,7,A
1085,2024-04-27,1371.5,1482.99,5,5,0.2857142857142857,0.09259259259259259,6,6,A
1086,2024-04-27,1426.99,1445.81,6,7,0.4,0.2222222222222222,6,7,H
1087,2024-04-27,1627.5,1568.43,6,8,0.7222222222222222,0.2830188679245283,6,8,H
1088,2024-04-28,1418.57,1455.16,6,4,0.25925925925925924,0.14814814814814814,8,6,D
1089,2024-04-28,1367.84,1475.66,4,3,0.22857142857142856,0.2962962962962963,9,8,H
1090,2024-04-28,1542.03,1455.57,10,8,0.5,0.2037037037037037,7,8,H
1091,2024-04-28,1550.25,1504.37,6,10,0.5,0.2962962962962963,8,6,D
1092,2024-04-29,1695.25,1505.87,12,7,0.7222222222222222,0.24074074074074073,8,9,H
1093,2024-05-03,1491.94,1562.11,8,5,0.4074074074074074,0.2777777777777778,6,6,A
1094,2024-05-04,1569.85,1454.6,8,0,0.5,0.25,8,7,H
1095,2024-05-04,1745.56,1417.47,15,4,0.7407407407407407,0.14814814814814814,8,6,H
1096,2024-05-04,1603.36,1698.84,9,12,0.6571428571428571,0.5740740740740741,7,5,H
1097,2024-05-04,1456.26,1633.82,5,9,0.4074074074074074,0.4444444444444444,6,7,A
1098,2024-05-05,1464.72,1546.91,3,7,0.4074074074074074,0.3888888888888889,7,7,A
1099,2024-05-05,1437.41,1547.69,7,10,0.3333333333333333,0.35185185185185186,8,7,H
1100,2024-05-05,1502.29,1435.39,7,6,0.4074074074074074,0.08571428571428572,6,8,A
1101,2024-05-05,1507.71,1378.78,10,7,0.4444444444444444,0.08571428571428572,7,7,H
1102,2024-05-05,1449.91,1362.55,8,4,0.37037037037037035,0.05714285714285714,7,8,A
1103,2024-05-10,1449.26,1613.95,9,12,0.4166666666666667,0.3333333333333333,5,6,D
1104,2024-05-11,1449.13,1449.58,2,0,0.4,0.23529411764705882,7,7,H
1105,2024-05-11,1536.68,1512.44,7,13,0.509090909090909,0.2909090909090909,6,6,H
1106,2024-05-11,1374.06,1747.35,7,15,0.25,0.6545454545454545,6,7,A
1107,2024-05-11,1572.25,1454.93,5,3,0.5272727272727272,0.2909090909090909,8,6,D
1108,2024-05-12,1415.68,1481.81,4,5,0.2545454545454545,0.10909090909090909,8,9,H
1109,2024-05-12,1640.95,1448.43,12,7,0.7272727272727273,0.21818181818181817,8,7,H
1110,2024-05-12,1488.42,1435.55,6,5,0.4,0.2,7,7,D
1111,2024-05-12,1556.7,1376.91,10,4,0.4909090909090909,0.08333333333333333,7,7,H
1112,2024-05-13,1688.25,1574.86,9,8,0.7272727272727273,0.43636363636363634,9,9,H
1113,2024-05-14,1459.96,1457.01,1,4,0.4,0.14545454545454545,3,3,D
1114,2024-05-14,1750.4,1451.78,15,10,0.7454545454545455,0.1111111111111111,3,4,H
1115,2024-05-14,1611.42,1543.9,10,10,0.6666666666666666,0.34545454545454546,4,3,A
1116,2024-05-15,1505.22,1425.43,10,4,0.45454545454545453,0.14545454545454545,4,3,A
1117,2024-05-15,1439.08,1371.01,5,7,0.36363636363636365,0.08333333333333333,3,4,H
1118,2024-05-15,1444.9,1567.22,6,6,0.34545454545454546,0.2909090909090909,3,4,H
1119,2024-05-15,1472.06,1644.48,5,12,0.4,0.45454545454545453,3,3,A
1120,2024-05-16,1441.7,1560.45,0,13,0.35294117647058826,0.4,5,4,D
1121,2024-05-16,1373.16,1693.3,4,9,0.2777777777777778,0.5636363636363636,4,3,A
1122,2024-05-16,1569.81,1484.9,5,4,0.509090909090909,0.23636363636363636,3,4,H
1123,2024-05-18,1449.7,1464.79,10,4,0.40540540540540543,0.10714285714285714,4,3,H
1124,2024-05-19,1555.86,1491.04,5,7,0.5178571428571429,0.2857142857142857,4,4,H
1125,2024-05-19,1651.75,1457.75,12,2,0.7321428571428571,0.2857142857142857,4,5,A
1126,2024-05-19,1697.22,1445.18,9,7,0.7321428571428571,0.19642857142857142,3,4,H
1127,2024-05-19,1559.2,1575.5,11,7,0.5,0.42857142857142855,3,3,A
1128,2024-05-19,1439.61,1442.95,7,1,0.26785714285714285,0.2222222222222222,4,3,D
1129,2024-05-19,1364.91,1456.25,4,9,0.24324324324324326,0.21428571428571427,4,4,A
1130,2024-05-19,1459.22,1369.24,5,3,0.4107142857142857,0.08108108108108109,5,3,D
1131,2024-05-19,1479.2,1597.53,1,10,0.39285714285714285,0.32432432432432434,3,5,A
1132,2024-05-19,1557.78,1752.48,12,15,0.5178571428571429,0.6607142857142857,5,5,D
1133,2024-05-24,1606.29,1355.38,10,3,0.6486486486486487,0.08108108108108109,5,5,H
1134,2024-05-25,1474.25,1561.1,5,10,0.39285714285714285,0.35714285714285715,6,6,D
1135,2024-05-25,1587.18,1635.26,9,12,0.5178571428571429,0.4642857142857143,6,6,A
1136,2024-05-25,1373.66,1437.58,4,8,0.2702702702702703,0.16071428571428573,6,6,H
1137,2024-05-25,1442.53,1562.04,4,7,0.375,0.2857142857142857,6,6,A
1138,2024-05-25,1749.17,1547.52,13,8,0.75,0.39285714285714285,6,6,D
1139,2024-05-26,1456.5,1454.8,3,6,0.39285714285714285,0.14285714285714285,8,7,A
1140,2024-05-26,1465.78,1470.44,9,1,0.35714285714285715,0.23214285714285715,7,7,D
1141,2024-05-26,1444.98,1457.99,2,10,0.3333333333333333,0.10810810810810811,7,8,D
1142,2024-05-26,1484.86,1699.86,4,12,0.44642857142857145,0.5714285714285714,7,7,A
1143,2024-08-15,1570.77,1444.33,10,0,0.5263157894736842,0.10526315789473684,82,81,D
1144,2024-08-15,1554.14,1608.95,8,10,0.49122807017543857,0.34210526315789475,82,83,D
1145,2024-08-16,1463.78,1459.76,10,8,0.3508771929824561,0.10526315789473684,82,82,H
1146,2024-08-16,1443.22,1478.68,3,3,0.3157894736842105,0.2807017543859649,82,82,D
1147,2024-08-17,1474.59,1500.0,6,0,0.38596491228070173,0.5,84,7,D
1148,2024-08-17,1472.44,1706.04,2,12,0.38596491228070173,0.5789473684210527,83,83,A
1149,2024-08-18,1576.4,1433.81,9,4,0.5087719298245614,0.19298245614035087,85,85,A
1150,2024-08-18,1466.97,1742.55,8,11,0.40350877192982454,0.6491228070175439,84,85,D
1151,2024-08-19,1450.71,1434.3,5,6,0.42105263157894735,0.13157894736842105,442,442,H
1152,2024-08-19,1560.76,1646.03,8,12,0.5087719298245614,0.47368421052631576,86,86,D
1153,2024-08-23,1471.55,1466.71,10,2,0.3620689655172414,0.22807017543859648,7,6,H
1154,2024-08-23,1479.82,1561.05,1,9,0.43859649122807015,0.3508771929824561,7,4,A
1155,2024-08-24,1473.17,1472.18,7,9,0.3793103448275862,0.15789473684210525,7,6,H
1156,2024-08-24,1711.77,1565.54,15,8,0.7368421052631579,0.2982456140350877,7,9,H
1157,2024-08-24,1426.87,1560.85,6,6,0.34210526315789475,0.43859649122807015,5,6,A
1158,2024-08-24,1449.55,1449.36,1,7,0.38596491228070173,0.20689655172413793,9,6,D
1159,2024-08-25,1737.34,1458.14,9,8,0.7368421052631579,0.15789473684210525,7,6,H
1160,2024-08-25,1501.42,1442.09,1,4,0.5,0.21052631578947367,8,9,H
1161,2024-08-25,1451.99,1553.56,5,6,0.42105263157894735,0.38596491228070173,9,10,D
1162,2024-08-25,1645.73,1609.53,10,8,0.7192982456140351,0.3333333333333333,6,10,H
1163,2024-08-26,1570.87,1479.29,9,13,0.5,0.22807017543859648,3,3,H
1164,2024-08-27,1464.33,1469.99,6,1,0.39655172413793105,0.27586206896551724,3,4,D
1165,2024-08-27,1451.49,1716.14,7,15,0.3684210526315789,0.5862068965517241,3,3,A
1166,2024-08-28,1561.17,1458.97,7,1,0.5172413793103449,0.22413793103448276,4,5,H
1167,2024-08-28,1455.83,1507.73,8,4,0.45,0.0,3,3,D
1168,2024-08-28,1652.64,1418.55,10,3,0.7241379310344828,0.1282051282051282,3,4,D
1169,2024-08-28,1569.17,1452.76,9,5,0.5,0.10256410256410256,4,3,A
1170,2024-08-29,1602.63,1481.02,7,9,0.6578947368421053,0.2982456140350877,4,5,H
1171,2024-08-29,1435.77,1739.64,4,9,0.3,0.6379310344827587,4,4,D
1172,2024-08-31,1721.17,1455.17,15,6,0.7413793103448276,0.15,4,3,H
1173,2024-08-31,1566.47,1645.53,10,8,0.5254237288135594,0.46551724137931033,3,3,A
1174,2024-08-31,1425.66,1446.47,3,4,0.3333333333333333,0.2033898305084746,3,4,H
1175,2024-08-31,1508.4,1462.36,5,6,1.0,0.15517241379310345,3,4,A
1176,2024-08-31,1453.67,1576.42,1,9,0.3793103448275862,0.3620689655172414,3,5,D
1177,2024-09-01,1467.77,1441.55,8,4,0.41025641025641024,0.2,4,3,H
1178,2024-09-01,1476.14,1473.75,8,10,0.3898305084745763,0.22413793103448276,3,6,H
1179,2024-09-01,1471.96,1607.5,2,10,0.43103448275862066,0.325,5,3,A
1180,2024-09-01,1447.42,1554.15,2,6,0.3793103448275862,0.4482758620689655,8,4,D
1181,2024-09-01,1733.87,1552.8,7,4,0.7413793103448276,0.3793103448275862,3,7,H
1182,2024-09-13,1549.07,1495.05,3,5,0.4827586206896552,0.0,12,13,H
1183,2024-09-14,1475.71,1575.05,8,9,0.3898305084745763,0.3559322033898305,14,14,A
1184,2024-09-14,1434.11,1474.94,5,8,0.35,0.125,14,13,H
1185,2024-09-14,1463.69,1448.33,2,3,0.423728813559322,0.10344827586206896,13,13,H
1186,2024-09-14,1553.24,1737.6,4,9,0.4915254237288136,0.6271186440677966,13,13,A
1187,2024-09-15,1465.94,1452.71,7,5,0.3728813559322034,0.14285714285714285,14,15,H
1188,2024-09-15,1615.78,1723.63,10,15,0.6666666666666666,0.5932203389830508,14,15,A
1189,2024-09-15,1434.38,1556.59,3,7,0.2857142857142857,0.29310344827586204,14,15,A
1190,2024-09-15,1655.41,1455.03,11,2,0.711864406779661,0.22033898305084745,15,15,H
1191,2024-09-16,1438.02,1483.95,4,8,0.3620689655172414,0.29310344827586204,16,15,H
1192,2024-09-17,1466.41,1546.29,5,4,0.38333333333333336,0.4406779661016949,3,3,H
1193,2024-09-18,1555.52,1440.88,6,3,0.4915254237288136,0.1016949152542373,5,4,H
1194,2024-09-19,1488.6,1565.24,5,7,0.5,0.3050847457627119,6,4,A
1195,2024-09-20,1465.92,1471.15,7,5,0.425,0.2711864406779661,6,6,H
1196,2024-09-21,1445.19,1536.15,4,4,0.42857142857142855,0.43333333333333335,6,4,D
1197,2024-09-21,1474.78,1425.73,7,2,0.4,0.19047619047619047,5,6,H
1198,2024-09-21,1451.63,1606.72,1,7,0.3728813559322034,0.34146341463414637,6,6,H
1199,2024-09-21,1744.55,1443.13,11,7,0.7457627118644068,0.125,7,7,H
1200,2024-09-22,1435.85,1478.65,3,4,0.3728813559322034,0.0,4,3,D
1201,2024-09-22,1575.19,1473.45,9,9,0.5166666666666667,0.22033898305084745,3,7,H
1202,2024-09-22,1584.35,1732.69,11,15,0.5084745762711864,0.6,8,7,A
1203,2024-09-22,1447.18,1658.81,7,11,0.3728813559322034,0.4745762711864407,6,7,D
1204,2024-09-23,1560.55,1476.55,8,7,0.5,0.1694915254237288,5,6,A
1205,2024-09-24,1463.13,1445.65,4,2,0.43333333333333335,0.13636363636363635,4,3,H
1206,2024-09-24,1463.9,1481.36,4,9,0.38333333333333336,0.288135593220339,3,3,D
1207,2024-09-24,1746.6,1473.93,13,10,0.75,0.12195121951219512,3,4,H
1208,2024-09-25,1594.46,1450.92,6,5,0.65,0.2,4,3,D
1209,2024-09-25,1740.61,1434.93,15,3,0.7457627118644068,0.1,3,3,H
1210,2024-09-26,1441.08,1576.43,7,10,0.36585365853658536,0.36666666666666664,5,4,A
1211,2024-09-26,1419.16,1546.27,1,7,0.2727272727272727,0.3728813559322034,5,3,D
1212,2024-09-26,1468.14,1655.07,6,11,0.38333333333333336,0.4666666666666667,4,4,A
1213,2024-09-27,1438.25,1490.83,2,10,0.4090909090909091,0.18333333333333332,3,4,A
1214,2024-09-28,1432.92,1471.55,2,9,0.36666666666666664,0.11904761904761904,3,4,H
1215,2024-09-28,1456.5,1479.57,5,2,0.36666666666666664,0.0,3,6,D
1216,2024-09-28,1535.69,1462.26,2,5,0.48333333333333334,0.21666666666666667,7,4,H
1217,2024-09-28,1483.0,1742.62,7,15,0.4098360655737705,0.6065573770491803,4,3,H
1218,2024-09-29,1461.25,1588.88,3,7,0.3770491803278688,0.3333333333333333,3,4,D
1219,2024-09-29,1580.5,1470.53,12,7,0.5245901639344263,0.26666666666666666,7,5,D
1220,2024-09-29,1544.78,1432.8,7,7,0.4918032786885246,0.12195121951219512,3,3,H
1221,2024-09-29,1661.96,1748.98,11,13,0.7166666666666667,0.6333333333333333,3,5,D
1222,2024-09-30,1584.71,1420.64,10,2,0.5,0.18181818181818182,4,4,H
1223,2024-10-04,1481.05,1456.29,2,5,0.3333333333333333,0.21311475409836064,6,6,D
1224,2024-10-05,1427.71,1501.48,6,12,0.35714285714285715,0.19672131147540983,6,8,H
1225,2024-10-05,1441.87,1497.86,4,10,0.3770491803278688,0.2833333333333333,7,7,D
1226,2024-10-05,1416.61,1462.76,1,4,0.2608695652173913,0.21666666666666667,5,6,A
1227,2024-10-05,1427.61,1455.01,1,6,0.391304347826087,0.19672131147540983,8,7,A
1228,2024-10-05,1748.64,1588.74,13,10,0.7540983606557377,0.3770491803278688,6,5,H
1229,2024-10-06,1587.38,1575.63,5,10,0.6341463414634146,0.31666666666666665,7,7,H
1230,2024-10-06,1462.6,1727.75,6,12,0.43902439024390244,0.5967741935483871,8,8,A
1231,2024-10-06,1475.4,1549.86,7,10,0.4426229508196721,0.36666666666666664,7,7,H
1232,2024-10-06,1541.66,1662.3,5,11,0.4918032786885246,0.47540983606557374,8,7,D
1233,2024-10-18,1457.58,1416.25,3,1,0.42857142857142855,0.13043478260869565,12,13,A
1234,2024-10-19,1568.07,1437.68,10,6,0.5161290322580645,0.11904761904761904,13,14,H
1235,2024-10-19,1498.41,1539.88,8,7,0.41935483870967744,0.36065573770491804,14,13,A
1236,2024-10-19,1594.93,1542.97,5,5,0.6428571428571429,0.4262295081967213,13,13,A
1237,2024-10-19,1473.59,1752.75,7,13,0.3709677419354839,0.6229508196721312,14,14,A
1238,2024-10-20,1491.51,1466.37,9,9,0.39344262295081966,0.20967741935483872,15,15,H
1239,2024-10-20,1661.0,1478.26,9,3,0.7049180327868853,0.0,14,16,H
1240,2024-10-20,1584.63,1441.33,9,5,0.5081967213114754,0.09836065573770492,15,15,D
1241,2024-10-20,1732.77,1485.38,12,10,0.75,0.26229508196721313,14,14,H
1242,2024-10-21,1459.08,1405.78,5,1,0.3770491803278688,0.17391304347826086,17,16,A
1243,2024-10-25,1432.99,1482.68,3,7,0.37209302325581395,0.25806451612903225,6,5,A
1244,2024-10-26,1429.48,1579.06,4,7,0.375,0.3709677419354839,8,6,A
1245,2024-10-26,1459.18,1444.35,6,3,0.36065573770491804,0.11627906976744186,6,8,H
1246,2024-10-26,1419.32,1581.43,4,5,0.25,0.32558139534883723,5,7,H
1247,2024-10-26,1757.47,1735.47,13,12,0.7580645161290323,0.6031746031746031,7,6,A
1248,2024-10-27,1474.56,1468.87,3,4,0.25,0.22950819672131148,7,8,H
1249,2024-10-27,1446.9,1445.55,6,5,0.3709677419354839,0.20967741935483872,7,6,D
1250,2024-10-27,1550.84,1664.69,7,9,0.5,0.46774193548387094,8,7,H
1251,2024-10-27,1556.47,1487.45,8,8,0.4838709677419355,0.2786885245901639,8,8,A
1252,2024-10-28,1498.71,1572.77,12,10,0.4032258064516129,0.3114754098360656,8,9,D
1253,2024-11-01,1436.88,1498.68,0,10,0.4186046511627907,0.1935483870967742,6,4,H
1254,2024-11-02,1501.37,1421.59,8,3,0.4126984126984127,0.16666666666666666,6,7,H
1255,2024-11-02,1568.98,1482.28,5,6,0.627906976744186,0.0,7,6,H
1256,2024-11-03,1653.58,1431.77,8,7,0.7096774193548387,0.20833333333333334,7,8,H
1257,2024-11-03,1748.19,1422.26,12,3,0.7540983606557377,0.11627906976744186,8,9,H
1258,2024-11-03,1493.41,1542.54,10,8,0.45161290322580644,0.43548387096774194,9,7,A
1259,2024-11-03,1572.79,1561.95,8,10,0.5238095238095238,0.3709677419354839,6,7,D
1260,2024-11-04,1461.15,1444.73,4,6,0.36507936507936506,0.0967741935483871,8,8,H
1261,2024-11-08,1466.65,1428.71,8,6,0.3709677419354839,0.2,13,5,A
1262,2024-11-09,1744.75,1507.19,10,10,0.746031746031746,0.2903225806451613,14,7,H
1263,2024-11-09,1586.95,1446.5,10,3,0.5,0.11363636363636363,14,8,H
1264,2024-11-09,1476.62,1482.66,5,7,0.4,0.2698412698412698,7,6,H
1265,2024-11-10,1564.37,1468.58,10,7,0.5079365079365079,0.22580645161290322,7,6,D
1266,2024-11-10,1489.06,1656.65,7,8,0.3968253968253968,0.4603174603174603,9,7,A
1267,2024-11-10,1437.3,1574.63,6,7,0.36507936507936506,0.3181818181818182,6,8,A
1268,2024-11-10,1415.77,1570.37,3,6,0.36,0.3064516129032258,8,7,D
1269,2024-11-10,1553.29,1750.0,10,12,0.47619047619047616,0.609375,7,7,H
1270,2024-11-22,1429.08,1418.02,3,4,0.359375,0.16,12,12,H
1271,2024-11-23,1447.71,1559.82,3,8,0.3709677419354839,0.36507936507936506,27,13,H
1272,2024-11-23,1664.04,1442.01,10,3,0.7142857142857143,0.1111111111111111,13,14,H
1273,2024-11-23,1582.86,1420.45,9,3,0.6363636363636364,0.11363636363636363,13,20,H
1274,2024-11-23,1441.85,1481.66,9,4,0.28,0.19047619047619047,15,13,A
1275,2024-11-23,1473.13,1736.64,7,12,0.375,0.6,13,13,D
1276,2024-11-24,1504.35,1591.44,7,10,0.421875,0.38095238095238093,15,15,D
1277,2024-11-24,1474.62,1453.51,6,7,0.4444444444444444,0.20634920634920634,15,16,H
1278,2024-11-24,1484.67,1747.58,7,10,0.5,0.6290322580645161,15,15,A
1279,2024-11-24,1568.12,1566.65,6,10,0.515625,0.4444444444444444,14,14,H
1280,2024-11-29,1492.67,1458.78,7,5,0.390625,0.20634920634920634,6,6,H
1281,2024-11-30,1731.69,1430.84,10,9,0.7580645161290323,0.23076923076923078,7,7,A
1282,2024-11-30,1438.95,1479.6,3,6,0.4318181818181818,0.0,7,6,D
1283,2024-11-30,1416.39,1478.08,3,5,0.36363636363636365,0.2222222222222222,7,7,H
1284,2024-11-30,1410.45,1667.11,4,12,0.34615384615384615,0.46875,8,7,A
1285,2024-12-01,1591.09,1586.92,8,9,0.5079365079365079,0.3333333333333333,7,8,D
1286,2024-12-01,1752.65,1436.65,12,5,0.75,0.09523809523809523,7,9,H
1287,2024-12-01,1446.21,1575.95,6,9,0.36507936507936506,0.30158730158730157,7,7,A
1288,2024-12-01,1558.82,1548.76,9,8,0.484375,0.359375,7,8,H
1289,2024-12-02,1481.92,1504.7,6,7,0.453125,0.2857142857142857,8,8,D
1290,2024-12-03,1499.64,1713.75,7,7,0.4,0.5909090909090909,4,3,A
1291,2024-12-04,1584.39,1754.55,9,12,0.5230769230769231,0.6349206349206349,3,3,H
1292,2024-12-06,1468.46,1493.44,5,6,0.36923076923076925,0.203125,6,3,H
1293,2024-12-07,1448.78,1405.25,9,1,0.2692307692307692,0.15384615384615385,7,7,H
1294,2024-12-07,1541.16,1719.95,5,7,0.5,0.5970149253731343,6,4,D
1295,2024-12-07,1451.81,1437.77,5,3,0.38095238095238093,0.203125,8,6,A
1296,2024-12-07,1589.16,1741.88,10,9,0.6444444444444445,0.625,6,3,A
1297,2024-12-08,1480.59,1566.42,7,9,0.42857142857142855,0.4375,8,7,A
1298,2024-12-08,1597.06,1588.85,11,9,0.5303030303030303,0.375,4,7,H
1299,2024-12-08,1506.19,1437.96,8,4,0.4153846153846154,0.10869565217391304,6,8,D
1300,2024-12-08,1672.31,1480.43,12,7,0.71875,0.265625,8,6,H
1301,2024-12-09,1434.75,1426.0,4,3,0.36923076923076925,0.1111111111111111,8,9,H
1302,2024-12-13,1398.54,1439.3,1,4,0.3333333333333333,0.203125,6,6,H
1303,2024-12-14,1418.37,1502.29,3,6,0.37777777777777777,0.28125,5,6,D
1304,2024-12-14,1484.87,1581.36,6,10,0.3939393939393939,0.32608695652173914,8,7,H
1305,2024-12-14,1476.89,1477.03,4,8,0.4461538461538462,0.21875,6,8,H
1306,2024-12-14,1450.28,1749.68,6,12,0.359375,0.6307692307692307,7,7,D
1307,2024-12-15,1675.85,1442.38,15,6,0.7230769230769231,0.09375,7,6,H
1308,2024-12-15,1441.87,1604.71,5,13,0.4222222222222222,0.3125,7,7,D
1309,2024-12-15,1576.11,1455.49,12,9,0.49230769230769234,0.25925925925925924,7,8,D
1310,2024-12-15,1581.2,1544.06,8,3,0.5,0.35384615384615387,7,8,A
1311,2024-12-15,1717.04,1470.9,5,4,0.746031746031746,0.0,8,7,A
1312,2024-12-18,1418.62,1430.28,4,4,0.3695652173913043,0.2,4,5,D
1313,2024-12-18,1568.08,1455.97,5,4,0.49230769230769234,0.2153846153846154,3,4,D
1314,2024-12-20,1570.74,1407.55,7,4,0.6304347826086957,0.14814814814814814,6,7,H
1315,2024-12-21,1439.49,1495.49,6,9,0.3787878787878788,0.2,6,7,A
1316,2024-12-21,1469.16,1571.01,5,10,0.3787878787878788,0.4461538461538462,7,6,H
1317,2024-12-21,1502.03,1602.24,4,13,0.4090909090909091,0.3076923076923077,7,6,A
1318,2024-12-21,1699.76,1678.75,5,15,0.734375,0.47692307692307695,6,6,A
1319,2024-12-22,1432.09,1444.34,4,3,0.375,0.10638297872340426,4,7,D
1320,2024-12-22,1743.99,1484.77,10,7,0.7538461538461538,0.26153846153846155,8,8,H
1321,2024-12-22,1460.59,1416.82,10,5,0.2962962962962963,0.10869565217391304,7,4,H
1322,2024-12-22,1488.18,1563.16,7,3,0.375,0.36923076923076925,7,4,A
1323,2024-12-22,1557.18,1460.89,5,5,0.49230769230769234,0.21212121212121213,7,4,D
1324,2025-01-03,1430.3,1746.54,2,10,0.36923076923076925,0.6212121212121212,12,12,A
1325,2025-01-10,1465.45,1479.93,6,7,0.35384615384615387,0.2153846153846154,19,20,H
1326,2025-01-11,1446.13,1574.79,4,7,0.41304347826086957,0.3191489361702128,20,22,A
1327,2025-01-11,1403.5,1552.61,3,5,0.35714285714285715,0.36363636363636365,22,20,H
1328,2025-01-11,1410.11,1478.18,5,4,0.3617021276595745,0.1111111111111111,20,20,D
1329,2025-01-11,1482.22,1426.31,7,2,0.45454545454545453,0.19696969696969696,20,8,D
1330,2025-01-12,1467.3,1428.94,10,6,0.32142857142857145,0.09230769230769231,21,22,A
1331,2025-01-12,1691.44,1492.75,15,4,0.7272727272727273,0.27692307692307694,22,22,H
1332,2025-01-13,1560.23,1573.16,7,5,0.48484848484848486,0.3787878787878788,23,22,H
1333,2025-01-17,1409.91,1415.61,3,6,0.3541666666666667,0.14285714285714285,6,6,H
1334,2025-01-18,1583.26,1478.62,7,5,0.6382978723404256,0.25757575757575757,7,7,A
1335,2025-01-18,1478.38,1694.87,5,15,0.3333333333333333,0.48484848484848486,7,6,H
1336,2025-01-18,1540.51,1437.66,5,4,0.48484848484848486,0.10416666666666667,7,7,A
1337,2025-01-18,1442.09,1687.07,6,4,0.373134328358209,0.5882352941176471,6,28,D
1338,2025-01-19,1471.65,1611.51,6,13,0.3880597014925373,0.3181818181818182,9,29,A
1339,2025-01-19,1750.53,1454.15,10,10,0.7575757575757576,0.25,16,7,H
1340,2025-01-19,1489.32,1473.73,3,9,0.40298507462686567,0.208955223880597,7,9,D
1341,2025-01-19,1429.91,1568.47,3,10,0.36363636363636365,0.4393939393939394,8,6,H
1342,2025-01-20,1564.93,1506.03,4,9,0.48484848484848486,0.21212121212121213,7,30,H
1343,2025-01-24,1452.04,1486.77,7,3,0.3103448275862069,0.2727272727272727,5,5,D
1344,2025-01-25,1499.71,1525.8,6,5,0.40298507462686567,0.3582089552238806,5,7,A
1345,2025-01-25,1681.01,1571.26,12,7,0.7313432835820896,0.373134328358209,7,5,D
1346,2025-01-25,1493.38,1417.94,7,6,0.44776119402985076,0.10638297872340426,7,8,D
1347,2025-01-25,1407.57,1752.64,6,13,0.3793103448275862,0.6268656716417911,8,6,A
1348,2025-01-26,1476.28,1568.51,7,6,0.36363636363636365,0.3333333333333333,7,8,H
1349,2025-01-26,1556.66,1446.63,7,7,0.4925373134328358,0.10606060606060606,7,8,A
1350,2025-01-26,1619.67,1492.24,13,7,0.5373134328358209,0.1,7,8,D
1351,2025-01-26,1682.53,1441.72,5,6,0.7230769230769231,0.19402985074626866,8,7,H
1352,2025-01-27,1452.38,1463.5,6,6,0.40425531914893614,0.21212121212121213,9,8,D
1353,2025-01-31,1497.48,1486.77,8,9,0.4,0.20588235294117646,5,5,A
1354,2025-02-01,1461.5,1489.3,7,8,0.36764705882352944,0.26865671641791045,6,7,D
1355,2025-02-01,1576.12,1404.09,8,6,0.4925373134328358,0.13793103448275862,7,7,H
1356,2025-02-01,1676.14,1488.31,10,6,0.7205882352941176,0.208955223880597,7,7,H
1357,2025-02-01,1422.02,1756.13,6,13,0.3673469387755102,0.6323529411764706,7,7,H
1358,2025-02-02,1685.33,1450.56,5,6,0.7272727272727273,0.12244897959183673,7,6,H
1359,2025-02-02,1438.92,1465.32,5,4,0.373134328358209,0.208955223880597,7,6,H
1360,2025-02-02,1487.93,1541.78,3,4,0.39705882352941174,0.43283582089552236,9,7,H
1361,2025-02-02,1537.2,1614.42,7,11,0.47761194029850745,0.3283582089552239,8,7,D
1362,2025-02-03,1558.01,1450.89,6,5,0.625,0.2413793103448276,8,10,H
1363,2025-02-07,1499.19,1400.2,11,3,0.373134328358209,0.13333333333333333,7,6,H
1364,2025-02-08,1456.71,1537.26,4,5,0.38235294117647056,0.36764705882352944,6,6,H
1365,2025-02-08,1614.36,1563.2,9,9,0.5294117647058824,0.32653061224489793,6,5,H
1366,2025-02-08,1445.7,1580.01,4,10,0.3,0.36764705882352944,5,7,A
1367,2025-02-08,1739.8,1679.75,12,10,0.7611940298507462,0.47761194029850745,7,7,D
1368,2025-02-09,1447.68,1460.15,5,8,0.3958333333333333,0.11940298507462686,7,8,A
1369,2025-02-09,1447.53,1485.07,7,5,0.38235294117647056,0.09090909090909091,7,9,H
1370,2025-02-09,1532.39,1438.35,3,8,0.4852941176470588,0.10416666666666667,7,8,H
1371,2025-02-09,1490.65,1688.2,6,7,0.4411764705882353,0.5797101449275363,8,7,A
1372,2025-02-10,1484.7,1497.32,6,5,0.39705882352941174,0.26865671641791045,9,8,D
1373,2025-02-14,1556.68,1471.93,6,11,0.6326530612244898,0.1323529411764706,6,5,A
1374,2025-02-15,1476.14,1435.9,5,4,0.36363636363636365,0.12,6,6,D
1375,2025-02-15,1499.1,1736.1,6,10,0.4057971014492754,0.6231884057971014,5,7,D
1376,2025-02-15,1683.45,1466.87,8,4,0.7246376811594203,0.20588235294117646,7,7,D
1377,2025-02-15,1588.32,1456.46,10,10,0.5,0.19117647058823528,7,6,D
1378,2025-02-16,1432.86,1620.88,8,11,0.38,0.3235294117647059,7,8,D
1379,2025-02-16,1394.83,1484.04,3,6,0.36666666666666664,0.2647058823529412,9,7,A
1380,2025-02-16,1482.92,1437.39,4,1,0.391304347826087,0.23333333333333334,6,8,H
1381,2025-02-16,1527.1,1537.88,4,6,0.47058823529411764,0.4264705882352941,8,7,H
1382,2025-02-17,1694.82,1504.56,10,13,0.7313432835820896,0.21739130434782608,8,10,H
1383,2025-02-21,1473.72,1503.45,5,7,0.391304347826087,0.2647058823529412,6,6,H
1384,2025-02-22,1439.1,1436.01,5,8,0.3877551020408163,0.10204081632653061,7,6,A
1385,2025-02-22,1500.99,1582.98,10,11,0.38235294117647056,0.37681159420289856,5,7,A
1386,2025-02-22,1461.8,1676.6,10,6,0.391304347826087,0.47058823529411764,7,7,A
1387,2025-02-22,1430.72,1698.39,1,13,0.2903225806451613,0.5857142857142857,6,5,A
1388,2025-02-23,1617.74,1385.24,9,0,0.5362318840579711,0.12903225806451613,7,7,H
1389,2025-02-23,1731.75,1542.38,8,3,0.75,0.32,8,9,H
1390,2025-02-23,1486.23,1535.27,11,7,0.36231884057971014,0.36231884057971014,9,7,A
1391,2025-02-23,1529.7,1472.94,3,5,0.4927536231884058,0.08333333333333333,7,8,H
1392,2025-02-24,1493.63,1489.59,8,4,0.43478260869565216,0.20588235294117646,8,8,D
1393,2025-02-28,1382.32,1425.76,0,1,0.3548387096774194,0.22580645161290322,5,6,D
1394,2025-03-01,1538.8,1482.42,3,8,0.62,0.2028985507246377,6,8,D
1395,2025-03-01,1491.2,1491.39,9,6,0.37681159420289856,0.2753623188405797,7,5,D
1396,2025-03-01,1546.02,1735.33,10,8,0.4782608695652174,0.6142857142857143,6,6,H
1397,2025-03-01,1682.78,1620.65,9,9,0.7142857142857143,0.3188405797101449,7,6,H
1398,2025-03-02,1466.56,1475.48,2,10,0.3333333333333333,0.14492753623188406,7,7,H
1399,2025-03-02,1703.35,1536.08,15,6,0.7352941176470589,0.42028985507246375,8,7,H
1400,2025-03-02,1491.82,1426.89,5,2,0.4,0.11764705882352941,6,8,D
1401,2025-03-02,1494.74,1455.62,6,7,0.4,0.18840579710144928,9,8,D
1402,2025-03-08,1486.04,1474.68,8,4,0.4,0.07692307692307693,7,6,H
1403,2025-03-08,1430.71,1592.78,2,11,0.38,0.38571428571428573,6,14,H
1404,2025-03-08,1458.79,1381.42,8,1,0.38571428571428573,0.125,6,8,H
1405,2025-03-09,1467.36,1689.03,7,11,0.35714285714285715,0.4782608695652174,7,8,H
1406,2025-03-09,1722.16,1489.08,5,7,0.7536231884057971,0.21428571428571427,8,8,H
1407,2025-03-09,1614.4,1488.0,8,6,0.5428571428571428,0.2028985507246377,8,7,D
1408,2025-03-09,1559.19,1426.67,10,1,0.4857142857142857,0.21875,8,9,H
1409,2025-03-09,1532.11,1493.51,6,6,0.5,0.2714285714285714,7,8,A
1410,2025-03-10,1448.22,1535.19,8,4,0.37254901960784315,0.3137254901960784,16,9,D
1411,2025-03-14,1422.02,1443.17,1,5,0.28125,0.11538461538461539,5,6,D
1412,2025-03-15,1375.54,1493.6,1,11,0.34375,0.2,7,7,A
1413,2025-03-15,1493.22,1448.56,7,8,0.39436619718309857,0.12,6,5,H
1414,2025-03-15,1580.33,1725.06,10,8,0.4927536231884058,0.6056338028169014,7,6,A
1415,2025-03-15,1534.84,1464.66,2,8,0.6078431372549019,0.18571428571428572,5,7,D
1416,2025-03-16,1467.12,1563.84,4,12,0.38461538461538464,0.37142857142857144,8,7,A
1417,2025-03-16,1506.67,1609.18,8,8,0.42857142857142855,0.3142857142857143,7,7,A
1418,2025-03-16,1491.57,1481.35,6,9,0.39436619718309857,0.14285714285714285,14,7,A
1419,2025-03-16,1486.17,1518.95,4,6,0.37142857142857144,0.4142857142857143,7,7,D
1420,2025-03-16,1675.04,1707.32,8,15,0.7183098591549296,0.5915492957746479,7,14,A
1421,2025-03-27,1718.54,1479.17,15,3,0.7391304347826086,0.2608695652173913,11,11,H
1422,2025-03-29,1520.16,1366.78,4,1,0.49295774647887325,0.12121212121212122,13,14,H
1423,2025-03-29,1441.88,1663.81,5,7,0.36538461538461536,0.4714285714285714,14,13,D
1424,2025-03-29,1444.71,1484.96,6,2,0.39215686274509803,0.2112676056338028,15,13,A
1425,2025-03-29,1733.08,1457.74,10,4,0.7571428571428571,0.07142857142857142,14,13,H
1426,2025-03-30,1493.76,1572.31,9,7,0.36619718309859156,0.38028169014084506,14,15,A
1427,2025-03-30,1721.36,1530.89,15,3,0.7428571428571429,0.3076923076923077,3,15,H
1428,2025-03-30,1618.39,1476.35,8,2,0.5352112676056338,0.2571428571428571,14,3,D
1429,2025-03-30,1468.62,1499.91,6,9,0.39436619718309857,0.2,15,15,H
1430,2025-03-30,1573.22,1497.46,15,8,0.49295774647887325,0.28169014084507044,14,14,H
1431,2025-03-31,1502.37,1420.48,11,2,0.4084507042253521,0.21212121212121213,16,17,D
1432,2025-04-04,1495.96,1445.87,5,6,0.36619718309859156,0.11764705882352941,6,6,A
1433,2025-04-05,1527.33,1433.71,3,5,0.5961538461538461,0.11320754716981132,6,7,A
1434,2025-04-05,1735.43,1477.36,12,8,0.7605633802816901,0.18309859154929578,7,6,A
1435,2025-04-05,1491.16,1498.13,6,11,0.4027777777777778,0.2112676056338028,6,5,A
1436,2025-04-05,1724.92,1579.13,15,15,0.7464788732394366,0.38028169014084506,6,6,D
1437,2025-04-06,1424.71,1524.4,3,7,0.2727272727272727,0.4084507042253521,6,8,A
1438,2025-04-06,1491.55,1659.82,5,7,0.4225352112676056,0.4647887323943662,7,8,A
1439,2025-04-06,1362.54,1483.86,1,6,0.3333333333333333,0.15492957746478872,8,7,A
1440,2025-04-06,1582.2,1612.84,7,8,0.4857142857142857,0.323943661971831,7,7,D
1441,2025-04-07,1455.39,1481.9,3,2,0.35714285714285715,0.2535211267605634,9,8,D
1442,2025-04-11,1494.8,1484.17,11,4,0.4027777777777778,0.2777777777777778,6,5,H
1443,2025-04-12,1533.69,1479.23,7,5,0.5,0.19718309859154928,6,7,A
1444,2025-04-12,1492.53,1415.42,9,3,0.3611111111111111,0.20588235294117646,6,6,A
1445,2025-04-12,1510.07,1459.32,11,8,0.4027777777777778,0.1346153846153846,7,8,A
1446,2025-04-12,1454.01,1719.3,4,13,0.3333333333333333,0.5972222222222222,5,7,A
1447,2025-04-13,1483.29,1512.82,3,3,0.3888888888888889,0.3018867924528302,6,8,H
1448,2025-04-13,1448.21,1717.99,8,9,0.38461538461538464,0.6111111111111112,8,8,A
1449,2025-04-13,1584.75,1580.93,13,7,0.5,0.3888888888888889,8,7,A
1450,2025-04-13,1614.11,1482.51,6,5,0.5277777777777778,0.2222222222222222,7,9,H
1451,2025-04-14,1667.2,1353.87,7,1,0.7083333333333334,0.11764705882352941,8,8,H
1452,2025-04-18,1472.79,1478.41,8,9,0.3584905660377358,0.16666666666666666,6,6,H
1453,2025-04-19,1477.84,1502.38,4,13,0.3611111111111111,0.19444444444444445,6,8,D
1454,2025-04-19,1724.32,1496.6,13,10,0.7361111111111112,0.2222222222222222,7,7,H
1455,2025-04-19,1492.79,1448.99,7,1,0.3972602739726027,0.06666666666666667,7,7,D
1456,2025-04-19,1429.54,1669.13,5,7,0.2647058823529412,0.4722222222222222,7,5,H
1457,2025-04-20,1351.94,1491.98,0,5,0.3235294117647059,0.25,6,7,A
1458,2025-04-20,1593.16,1520.12,7,7,0.4788732394366197,0.4166666666666667,7,8,D
1459,2025-04-20,1476.58,1443.3,3,7,0.4166666666666667,0.12962962962962962,9,7,D
1460,2025-04-20,1722.91,1618.78,12,9,0.75,0.3194444444444444,7,7,H
1461,2025-04-21,1504.12,1572.52,2,10,0.5849056603773585,0.375,8,8,A
1462,2025-04-22,1503.83,1480.82,11,10,0.410958904109589,0.1509433962264151,3,4,D
1463,2025-04-22,1727.3,1489.5,13,7,0.7397260273972602,0.20833333333333334,3,3,H
1464,2025-04-23,1613.52,1443.95,8,8,0.5342465753424658,0.22857142857142856,3,4,H
1465,2025-04-23,1493.62,1589.14,7,8,0.3972602739726027,0.3972602739726027,4,3,H
1466,2025-04-23,1446.32,1524.14,5,8,0.37735849056603776,0.410958904109589,3,3,H
1467,2025-04-23,1470.38,1728.16,6,12,0.3561643835616438,0.6164383561643836,5,3,A
1468,2025-04-24,1452.29,1493.93,2,1,0.3125,0.2962962962962963,5,3,D
1469,2025-04-24,1500.13,1473.56,8,1,0.3972602739726027,0.273972602739726,4,4,H
1470,2025-04-24,1654.72,1476.4,7,5,0.7123287671232876,0.2191780821917808,5,5,H
1471,2025-04-24,1582.71,1343.79,10,0,0.4931506849315068,0.11428571428571428,3,4,H
1472,2025-04-27,1578.55,1483.57,8,11,0.4722222222222222,0.14814814814814814,4,5,H
1473,2025-05-02,1472.62,1465.21,4,3,0.3561643835616438,0.1643835616438356,8,9,H
1474,2025-05-03,1456.4,1658.49,7,10,0.3888888888888889,0.4657534246575342,10,9,D
1475,2025-05-03,1584.02,1507.29,8,11,0.4794520547945205,0.2602739726027397,6,9,H
1476,2025-05-03,1440.02,1501.08,7,11,0.2857142857142857,0.1917808219178082,10,11,A
1477,2025-05-03,1340.97,1730.13,0,13,0.3142857142857143,0.6027397260273972,9,11,A
1478,2025-05-04,1733.34,1504.21,12,7,0.7534246575342466,0.2191780821917808,11,11,H
1479,2025-05-04,1466.41,1451.33,1,3,0.410958904109589,0.0625,10,10,D
1480,2025-05-04,1478.1,1585.53,10,10,0.37037037037037035,0.3835616438356164,7,10,A
1481,2025-05-04,1514.06,1617.45,7,8,0.4931506849315068,0.3150684931506849,11,11,D
1482,2025-05-05,1494.89,1486.66,1,4,0.5740740740740741,0.2054794520547945,11,13,H
1483,2025-05-09,1429.62,1480.29,6,4,0.2777777777777778,0.21621621621621623,6,7,A
1484,2025-05-10,1511.48,1457.54,11,3,0.40540540540540543,0.16216216216216217,7,8,H
1485,2025-05-10,1501.25,1463.87,6,2,0.40540540540540543,0.2702702702702703,6,6,H
1486,2025-05-10,1502.54,1589.91,4,10,0.5818181818181818,0.3918918918918919,5,7,A
1487,2025-05-10,1479.01,1338.15,4,0,0.3918918918918919,0.1111111111111111,5,7,H
1488,2025-05-10,1654.99,1514.88,10,5,0.7162162162162162,0.40540540540540543,7,6,H
1489,2025-05-11,1453.86,1469.04,4,7,0.29411764705882354,0.14545454545454545,7,7,H
1490,2025-05-11,1732.95,1736.3,13,12,0.7432432432432432,0.6216216216216216,8,7,H
1491,2025-05-11,1616.64,1459.9,8,8,0.5405405405405406,0.12727272727272726,7,8,H
1492,2025-05-11,1594.6,1501.4,10,10,0.5,0.25675675675675674,7,8,D
1493,2025-05-13,1333.67,1492.89,0,4,0.3055555555555556,0.2909090909090909,3,3,A
1494,2025-05-13,1510.38,1508.12,2,6,0.4864864864864865,0.21621621621621623,3,3,A
1495,2025-05-13,1457.0,1418.92,2,6,0.40540540540540543,0.2222222222222222,3,4,H
1496,2025-05-14,1455.73,1517.93,5,11,0.38181818181818183,0.20270270270270271,3,4,H
1497,2025-05-14,1599.55,1462.16,10,6,0.4864864864864865,0.058823529411764705,4,3,H
1498,2025-05-14,1728.33,1483.49,12,7,0.7567567567567568,0.20270270270270271,3,4,H
1499,2025-05-15,1490.99,1590.1,7,10,0.36486486486486486,0.3918918918918919,6,4,D
1500,2025-05-15,1505.9,1659.49,10,10,0.40540540540540543,0.4594594594594595,4,5,H
1501,2025-05-15,1460.74,1740.91,4,15,0.36363636363636365,0.6081081081081081,4,4,A
1502,2025-05-15,1451.09,1620.81,0,10,0.35135135135135137,0.3108108108108108,5,4,A
1503,2025-05-18,1647.26,1589.41,7,11,0.72,0.38666666666666666,3,3,H
1504,2025-05-18,1745.61,1604.1,15,12,0.7466666666666667,0.4,3,4,A
1505,2025-05-18,1520.31,1491.69,9,8,0.41333333333333333,0.22666666666666666,5,3,A
1506,2025-05-18,1412.07,1457.61,3,6,0.2702702702702703,0.05555555555555555,5,4,A
1507,2025-05-18,1480.76,1443.75,4,0,0.4,0.16,4,3,A
1508,2025-05-18,1518.12,1456.04,10,1,0.41333333333333333,0.14285714285714285,3,3,H
1509,2025-05-18,1463.85,1731.07,5,12,0.41333333333333333,0.6133333333333333,5,4,A
1510,2025-05-18,1498.2,1500.52,2,7,0.48,0.30357142857142855,5,5,H
1511,2025-05-18,1508.3,1628.15,8,10,0.41333333333333333,0.32,4,3,A
1512,2025-05-18,1326.05,1465.36,0,8,0.2972972972972973,0.125,5,4,A
1513,2025-05-23,1583.06,1499.58,8,7,0.49333333333333335,0.2,5,5,D
1514,2025-05-24,1736.04,1506.13,12,4,0.76,0.4,6,6,H
1515,2025-05-24,1449.8,1401.22,0,0,0.35714285714285715,0.21621621621621623,6,6,H
1516,2025-05-24,1468.46,1317.88,8,0,0.3333333333333333,0.10810810810810811,6,6,H
1517,2025-05-24,1473.53,1524.37,10,10,0.39285714285714285,0.25333333333333335,6,6,D
1518,2025-05-24,1456.86,1507.41,3,9,0.3466666666666667,0.22666666666666666,6,6,A
1519,2025-05-24,1504.58,1467.64,10,3,0.36,0.2,6,6,D
1520,2025-05-25,1492.58,1653.61,7,10,0.5714285714285714,0.4533333333333333,7,7,A
1521,2025-05-25,1619.64,1458.88,15,4,0.49333333333333335,0.26666666666666666,7,7,H
1522,2025-05-25,1636.86,1730.08,13,12,0.5466666666666666,0.6133333333333333,7,7,A
1523,2025-08-15,1485.01,1501.47,6,11,0.5614035087719298,0.23684210526315788,82,83,A
1524,2025-08-15,1623.73,1500.0,15,0,0.5,0.5,82,7,H
1525,2025-08-16,1470.75,1739.55,4,12,0.39473684210526316,0.618421052631579,84,83,A
1526,2025-08-16,1472.84,1452.69,8,10,0.38596491228070173,0.15789473684210525,84,1184,H
1527,2025-08-16,1503.85,1503.19,7,4,0.40789473684210525,0.39473684210526316,85,84,D
1528,2025-08-17,1518.12,1446.16,9,3,0.40789473684210525,0.17105263157894737,85,85,A
1529,2025-08-17,1627.39,1454.79,10,4,0.5394736842105263,0.2631578947368421,84,84,H
1530,2025-08-17,1456.38,1661.19,3,10,0.3684210526315789,0.4605263157894737,85,84,H
1531,2025-08-18,1395.12,1578.79,9,6,0.2631578947368421,0.3815789473684211,806,87,D
1532,2025-08-19,1738.99,1525.06,12,8,0.7631578947368421,0.25,87,87,H
1533,2025-08-22,1575.76,1480.17,4,10,0.4868421052631579,0.14035087719298245,4,6,H
1534,2025-08-23,1465.82,1504.12,4,9,0.38961038961038963,0.23684210526315788,7,6,D
1535,2025-08-23,1647.62,1398.15,9,7,0.7236842105263158,0.15789473684210525,6,5,D
1536,2025-08-23,1445.36,1744.49,9,12,0.2631578947368421,0.6233766233766234,7,7,A
1537,2025-08-24,1521.87,1501.71,8,5,0.42105263157894735,0.19736842105263158,5,8,H
1538,2025-08-24,1505.33,1469.95,4,6,0.4868421052631579,0.14035087719298245,8,7,D
1539,2025-08-24,1628.56,1473.34,15,3,0.5064935064935064,0.2982456140350877,9,9,H
1540,2025-08-24,1495.17,1742.18,0,12,0.5,0.618421052631579,9,5,A
1541,2025-08-25,1631.26,1513.14,12,11,0.5454545454545454,0.24675324675324675,8,10,H
1542,2025-08-25,1450.91,1460.16,3,6,0.40789473684210525,0.18181818181818182,8,8,A
1543,2025-08-27,1505.18,1581.21,7,6,0.4025974025974026,0.37662337662337664,4,5,D
1544,2025-08-29,1405.48,1441.05,7,6,0.2564102564102564,0.15,6,6,H
1545,2025-08-29,1494.38,1472.03,2,9,0.4025974025974026,0.19230769230769232,5,4,H
1546,2025-08-30,1474.72,1640.29,10,7,0.39655172413793105,0.45454545454545453,8,7,D
1547,2025-08-30,1489.75,1502.26,0,5,0.0,0.38961038961038963,6,6,H
1548,2025-08-30,1469.14,1439.04,3,3,0.5517241379310345,0.2597402597402597,6,5,A
1549,2025-08-30,1747.59,1464.76,15,2,0.7662337662337663,0.19736842105263158,6,7,H
1550,2025-08-31,1505.2,1632.76,5,15,0.3974358974358974,0.40789473684210525,4,7,D
1551,2025-08-31,1581.18,1636.22,6,12,0.4935064935064935,0.32894736842105265,4,6,A
1552,2025-08-31,1473.03,1529.2,7,10,0.3793103448275862,0.24675324675324675,7,7,H
1553,2025-08-31,1508.19,1748.81,8,12,0.35526315789473684,0.6282051282051282,6,8,D
1554,2025-09-12,1451.98,1414.35,3,9,0.4025974025974026,0.15384615384615385,13,14,D
1555,2025-09-13,1464.76,1497.97,9,3,0.34210526315789475,0.0,15,14,H
1556,2025-09-13,1494.04,1749.86,5,15,0.4805194805194805,0.6233766233766234,14,14,A
1557,2025-09-13,1646.79,1477.27,12,8,0.5512820512820513,0.13793103448275862,13,14,A
1558,2025-09-13,1637.74,1631.26,8,13,0.7142857142857143,0.4025974025974026,14,13,H
1559,2025-09-14,1506.71,1456.2,6,0,0.3924050632911392,0.29310344827586204,14,15,D
1560,2025-09-14,1432.18,1570.61,6,6,0.25,0.3717948717948718,16,14,D
1561,2025-09-14,1519.74,1512.62,7,8,0.42857142857142855,0.24358974358974358,14,14,H
1562,2025-09-14,1744.37,1501.65,10,5,0.7368421052631579,0.19480519480519481,14,16,H
1563,2025-09-15,1482.49,1462.5,10,2,0.3898305084745763,0.19480519480519481,15,16,H
1564,2025-09-19,1568.8,1488.82,6,2,0.48717948717948717,0.38461538461538464,5,6,H
1565,2025-09-20,1459.66,1433.98,1,4,0.5423728813559322,0.14285714285714285,6,6,A
1566,2025-09-20,1755.08,1489.82,15,13,0.7692307692307693,0.13793103448275862,7,5,H
1567,2025-09-20,1493.33,1448.84,8,4,0.3898305084745763,0.2692307692307692,7,8,A
1568,2025-09-20,1623.56,1527.42,10,7,0.5128205128205128,0.24358974358974358,7,6,H
1569,2025-09-20,1498.88,1630.72,5,9,0.41025641025641024,0.33766233766233766,6,7,H
1570,2025-09-21,1504.94,1503.24,5,4,0.35064935064935066,0.23376623376623376,7,7,D
1571,2025-09-21,1455.17,1645.44,2,8,0.38461538461538464,0.44871794871794873,6,8,D
1572,2025-09-21,1417.48,1489.17,7,3,0.275,0.0,9,8,H
1573,2025-09-21,1747.14,1473.56,13,9,0.7402597402597403,0.189873417721519,7,8,H
1574,2025-09-23,1619.1,1446.84,9,1,0.5443037974683544,0.288135593220339,3,3,D
1575,2025-09-23,1487.35,1510.5,10,7,0.4,0.19230769230769232,3,3,D
1576,2025-09-23,1446.8,1757.55,4,15,0.23809523809523808,0.6282051282051282,3,3,A
1577,2025-09-23,1462.15,1629.0,7,10,0.3974358974358974,0.3974358974358974,3,3,A
1578,2025-09-24,1471.19,1480.02,9,7,0.35064935064935066,0.15254237288135594,3,4,D
1579,2025-09-24,1642.24,1502.77,6,5,0.717948717948718,0.24050632911392406,3,3,H
1580,2025-09-24,1483.0,1458.37,2,2,0.47435897435897434,0.19230769230769232,5,3,H
1581,2025-09-25,1521.99,1427.38,6,9,0.4358974358974359,0.15,5,4,D
1582,2025-09-25,1479.26,1749.51,3,13,0.5,0.620253164556962,4,4,A
1583,2025-09-26,1452.96,1485.87,2,8,0.5333333333333333,0.13559322033898305,3,3,D
1584,2025-09-27,1469.31,1442.71,7,4,0.34615384615384615,0.18181818181818182,3,4,D
1585,2025-09-27,1646.75,1761.64,9,15,0.7215189873417721,0.6329113924050633,3,4,H
1586,2025-09-27,1451.16,1481.91,2,5,0.379746835443038,0.15,3,3,H
1587,2025-09-27,1636.42,1612.98,10,7,0.5189873417721519,0.3333333333333333,4,4,H
1588,2025-09-28,1498.26,1454.74,2,7,0.34615384615384615,0.27848101265822783,4,5,A
1589,2025-09-28,1431.91,1505.42,9,5,0.2926829268292683,0.23076923076923078,3,7,H
1590,2025-09-28,1754.41,1490.21,13,4,0.7435897435897436,0.379746835443038,3,4,H
1591,2025-09-28,1574.61,1517.46,8,7,0.4936708860759494,0.24050632911392406,9,3,H
1592,2025-09-30,1511.98,1474.36,7,3,0.4177215189873418,0.0,7,5,A
1593,2025-10-03,1511.09,1466.46,4,5,0.43037974683544306,0.1875,5,6,H
1594,2025-10-04,1487.49,1445.55,6,5,0.3333333333333333,0.17391304347826086,4,7,A
1595,2025-10-04,1451.76,1498.85,3,7,0.5245901639344263,0.189873417721519,8,4,H
1596,2025-10-04,1605.74,1459.9,4,4,0.5375,0.189873417721519,7,7,H
1597,2025-10-04,1750.5,1643.66,12,10,0.7721518987341772,0.4050632911392405,7,7,H
1598,2025-10-05,1473.17,1441.87,5,11,0.38333333333333336,0.14634146341463414,8,7,H
1599,2025-10-05,1468.02,1756.9,10,13,0.3924050632911392,0.625,7,7,H
1600,2025-10-05,1487.07,1580.98,8,8,0.39344262295081966,0.3670886075949367,9,7,A
1601,2025-10-05,1487.73,1484.98,3,2,0.4810126582278481,0.2375,7,7,A
1602,2025-10-05,1495.46,1657.89,4,11,0.3875,0.4430379746835443,7,8,D
1603,2025-10-17,1474.25,1477.61,3,5,0.25,0.13333333333333333,13,12,A
1604,2025-10-18,1483.5,1455.52,10,4,0.4,0.1875,13,14,A
1605,2025-10-18,1741.42,1460.95,12,6,0.7468354430379747,0.2833333333333333,13,14,H
1606,2025-10-18,1638.46,1590.44,9,10,0.525,0.375,14,13,D
1607,2025-10-18,1655.42,1517.77,11,7,0.725,0.2375,13,15,H
1608,2025-10-19,1434.84,1610.12,8,4,0.30952380952380953,0.3291139240506329,14,15,D
1609,2025-10-19,1497.92,1475.52,4,3,0.38271604938271603,0.375,14,14,D
1610,2025-10-19,1458.8,1497.18,8,4,0.22727272727272727,0.24691358024691357,15,14,A
1611,2025-10-19,1459.78,1755.7,5,12,0.34177215189873417,0.625,16,15,A
1612,2025-10-20,1480.21,1489.65,7,4,0.39344262295081966,0.1875,15,16,D
1613,2025-10-24,1478.26,1470.62,4,9,0.475,0.2875,5,6,H
1614,2025-10-25,1458.67,1462.21,5,3,0.532258064516129,0.25,7,8,D
1615,2025-10-25,1489.65,1437.64,5,8,0.3870967741935484,0.14285714285714285,8,6,H
1616,2025-10-25,1607.31,1455.4,5,2,0.5432098765432098,0.18518518518518517,6,6,A
1617,2025-10-25,1491.52,1635.06,5,10,0.4125,0.4,5,7,A
1618,2025-10-26,1468.4,1447.75,7,7,0.3875,0.20833333333333334,8,7,D
1619,2025-10-26,1760.07,1743.71,12,12,0.775,0.6172839506172839,7,8,H
1620,2025-10-26,1513.23,1495.19,4,4,0.4375,0.22784810126582278,8,7,A
1621,2025-10-26,1508.23,1478.34,7,5,0.34177215189873417,0.14754098360655737,7,6,H
1622,2025-10-27,1593.84,1659.97,11,11,0.5,0.4375,9,9,A
1623,2025-10-31,1471.14,1456.64,5,6,0.3375,0.2786885245901639,6,6,H
1624,2025-11-01,1643.11,1515.3,10,9,0.5185185185185185,0.25609756097560976,7,6,H
1625,2025-11-01,1670.22,1462.96,13,6,0.7283950617283951,0.2839506172839506,5,8,H
1626,2025-11-01,1485.92,1591.58,7,5,0.48148148148148145,0.325,8,7,H
1627,2025-11-01,1767.5,1483.47,12,2,0.7777777777777778,0.18518518518518517,6,7,H
1628,2025-11-02,1450.43,1507.81,5,6,0.21739130434782608,0.2375,7,7,A
1629,2025-11-02,1471.27,1496.15,5,8,0.3870967741935484,0.14754098360655737,7,8,H
1630,2025-11-02,1736.28,1431.15,9,5,0.75,0.13953488372093023,7,8,H
1631,2025-11-02,1583.58,1465.71,10,7,0.49382716049382713,0.19753086419753085,6,7,H
1632,2025-11-03,1464.24,1500.61,4,4,0.2,0.2345679012345679,9,8,D
1633,2025-11-07,1429.13,1496.8,4,7,0.3023255813953488,0.37037037037037035,5,6,D
1634,2025-11-08,1449.16,1479.84,5,7,0.5238095238095238,0.14516129032258066,8,6,H
1635,2025-11-08,1459.67,1501.72,6,4,0.3950617283950617,0.23170731707317074,7,5,H
1636,2025-11-08,1673.51,1439.93,13,5,0.7317073170731707,0.2,7,6,H
1637,2025-11-08,1487.58,1647.86,7,10,0.3968253968253968,0.4074074074074074,6,7,A
1638,2025-11-09,1580.7,1463.13,4,5,0.5365853658536586,0.2,8,6,H
1639,2025-11-09,1510.55,1769.75,9,12,0.35,0.6296296296296297,8,8,D
1640,2025-11-09,1460.75,1478.62,7,7,0.38271604938271603,0.1951219512195122,7,9,H
1641,2025-11-09,1481.22,1588.54,1,10,0.4074074074074074,0.37037037037037035,8,7,D
1642,2025-11-09,1518.31,1738.3,8,9,0.3780487804878049,0.6097560975609756,7,7,A
1643,2025-11-21,1482.15,1437.03,2,4,0.4024390243902439,0.19230769230769232,12,13,H
1644,2025-11-22,1471.11,1512.26,7,8,0.3968253968253968,0.24691358024691357,14,13,A
1645,2025-11-22,1744.35,1585.66,9,7,0.7530864197530864,0.32098765432098764,13,13,H
1646,2025-11-22,1492.67,1497.01,4,8,0.43209876543209874,0.36585365853658536,14,15,A
1647,2025-11-22,1655.45,1469.12,10,7,0.524390243902439,0.1951219512195122,14,13,H
1648,2025-11-23,1458.17,1515.41,2,10,0.16666666666666666,0.25301204819277107,14,14,D
1649,2025-11-23,1587.61,1457.89,8,7,0.5,0.27419354838709675,14,15,D
1650,2025-11-23,1470.25,1676.41,6,13,0.345679012345679,0.4444444444444444,14,15,A
1651,2025-11-23,1428.92,1764.9,2,13,0.29545454545454547,0.6219512195121951,16,14,D
1652,2025-11-24,1479.99,1468.72,6,6,0.390625,0.2804878048780488,16,16,H
1653,2025-11-28,1463.85,1435.28,6,3,0.34146341463414637,0.13636363636363635,5,5,H
1654,2025-11-29,1465.49,1480.66,7,1,0.3902439024390244,0.2289156626506024,7,7,D
1655,2025-11-29,1748.48,1460.14,12,4,0.7560975609756098,0.14285714285714285,7,7,H
1656,2025-11-29,1430.36,1581.53,1,4,0.20833333333333334,0.3170731707317073,8,7,A
1657,2025-11-29,1682.8,1457.66,15,3,0.7349397590361446,0.16666666666666666,6,6,H
1658,2025-11-30,1509.02,1659.09,11,13,0.4878048780487805,0.4146341463414634,8,8,A
1659,2025-11-30,1461.15,1582.32,3,6,0.4024390243902439,0.36585365853658536,6,7,A
1660,2025-11-30,1523.23,1487.55,10,9,0.37349397590361444,0.14516129032258066,8,6,A
1661,2025-11-30,1463.18,1758.54,5,11,0.53125,0.6144578313253012,7,7,D
1662,2025-12-01,1515.92,1488.82,8,5,0.345679012345679,0.18292682926829268,8,10,D
1663,2025-12-02,1750.68,1685.82,12,15,0.7590361445783133,0.45121951219512196,3,3,H
1664,2025-12-03,1589.37,1752.93,6,9,0.5421686746987951,0.6071428571428571,4,3,A
1665,2025-12-05,1454.64,1463.78,3,5,0.14285714285714285,0.1927710843373494,6,6,D
1666,2025-12-06,1666.96,1470.96,15,9,0.5301204819277109,0.1927710843373494,6,8,H
1667,2025-12-06,1457.94,1501.15,3,10,0.390625,0.37349397590361444,7,6,H
1668,2025-12-06,1591.0,1756.86,8,15,0.4939759036144578,0.6144578313253012,6,4,A
1669,2025-12-06,1581.86,1679.64,6,12,0.5357142857142857,0.4457831325301205,3,4,H
1670,2025-12-07,1428.17,1468.79,2,6,0.28888888888888886,0.2698412698412698,9,7,H
1671,2025-12-07,1491.68,1452.48,5,3,0.40963855421686746,0.27710843373493976,6,7,D
1672,2025-12-07,1500.63,1513.06,9,6,0.4,0.25,7,6,H
1673,2025-12-07,1760.43,1510.15,9,9,0.7804878048780488,0.25609756097560976,4,7,A
1674,2025-12-08,1482.37,1422.51,2,1,0.4268292682926829,0.18518518518518517,9,9,H
1675,2025-12-12,1492.06,1459.78,7,5,0.4819277108433735,0.265625,6,5,A
1676,2025-12-13,1668.99,1488.5,9,6,0.7380952380952381,0.18072289156626506,7,6,H
1677,2025-12-13,1465.66,1437.19,5,5,0.3855421686746988,0.13333333333333333,8,6,H
1678,2025-12-13,1764.3,1488.67,15,5,0.7619047619047619,0.2261904761904762,7,5,H
1679,2025-12-13,1467.48,1508.85,6,9,0.3493975903614458,0.15873015873015872,7,6,A
1680,2025-12-14,1455.65,1452.77,4,3,0.39759036144578314,0.14285714285714285,7,9,H
1681,2025-12-14,1527.48,1592.52,9,9,0.36904761904761907,0.3253012048192771,7,8,H
1682,2025-12-14,1467.03,1743.1,6,6,0.4,0.611764705882353,8,7,A
1683,2025-12-15,1504.84,1583.56,3,8,0.34146341463414637,0.37349397590361444,8,9,D
1684,2025-12-19,1484.77,1472.76,6,8,0.40476190476190477,0.19047619047619047,6,6,D
1685,2025-12-20,1444.97,1537.2,2,9,0.125,0.26506024096385544,6,6,D
1686,2025-12-20,1416.21,1479.07,0,4,0.2,0.36904761904761907,12,8,D
1687,2025-12-20,1486.32,1462.24,4,3,0.43373493975903615,0.140625,7,6,H
1688,2025-12-20,1747.88,1463.44,8,7,0.7710843373493976,0.27380952380952384,6,6,H
1689,2025-12-21,1472.77,1672.72,8,9,0.5230769230769231,0.44047619047619047,9,8,A
1690,2025-12-21,1670.43,1766.65,15,15,0.5357142857142857,0.6190476190476191,15,8,A
1691,2025-12-21,1430.08,1504.95,5,4,0.30434782608695654,0.24705882352941178,8,6,H
1692,2025-12-21,1583.45,1456.52,6,3,0.4880952380952381,0.19047619047619047,6,8,H
1693,2025-12-22,1582.81,1519.82,6,12,0.5411764705882353,0.171875,8,9,A
1694,2026-01-02,1494.95,1451.75,3,3,0.3373493975903614,0.18823529411764706,12,12,D
1695,2026-01-03,1536.7,1482.31,10,6,0.3764705882352941,0.17857142857142858,14,15,H
1696,2026-01-03,1493.55,1569.03,7,6,0.44047619047619047,0.32142857142857145,14,12,D
1697,2026-01-03,1440.08,1661.04,7,12,0.3191489361702128,0.42168674698795183,13,13,A
1698,2026-01-03,1533.59,1776.04,15,15,0.4090909090909091,0.6235294117647059,12,13,A
1699,2026-01-04,1461.2,1415.86,4,1,0.40476190476190477,0.17857142857142858,15,15,A
1700,2026-01-04,1750.12,1588.21,10,8,0.7738095238095238,0.36904761904761907,15,14,H
1701,2026-01-04,1455.02,1445.47,3,3,0.3939393939393939,0.125,15,15,D
1702,2026-01-04,1475.22,1466.22,6,5,0.39285714285714285,0.27692307692307694,16,14,A
1703,2026-01-04,1479.42,1679.28,4,9,0.47619047619047616,0.4470588235294118,15,14,D
1704,2026-01-09,1455.03,1482.86,4,2,0.34523809523809523,0.36470588235294116,7,5,A
1705,2026-01-10,1447.86,1584.14,3,7,0.1111111111111111,0.36470588235294116,6,6,D
1706,2026-01-10,1667.07,1452.63,12,4,0.5294117647058824,0.13846153846153847,7,6,H
1707,2026-01-10,1478.59,1493.56,7,8,0.5151515151515151,0.2235294117647059,6,7,H
1708,2026-01-10,1475.87,1434.05,3,6,0.4,0.13043478260869565,7,7,D
1709,2026-01-11,1491.68,1462.85,3,6,0.3333333333333333,0.18823529411764706,9,7,H
1710,2026-01-11,1429.19,1528.07,4,12,0.19230769230769232,0.18461538461538463,7,8,D
1711,2026-01-12,1447.87,1543.14,4,10,0.4,0.2619047619047619,8,9,A
1712,2026-01-16,1527.39,1486.88,10,9,0.40298507462686567,0.2878787878787879,5,6,A
1713,2026-01-17,1754.2,1429.88,12,5,0.7764705882352941,0.20689655172413793,13,6,H
1714,2026-01-17,1455.75,1569.02,5,4,0.38823529411764707,0.3176470588235294,6,14,H
1715,2026-01-17,1485.27,1449.6,7,4,0.43529411764705883,0.1111111111111111,7,7,H
1716,2026-01-17,1582.39,1670.25,5,12,0.49411764705882355,0.42857142857142855,7,7,H
1717,2026-01-18,1443.68,1472.63,1,3,0.3411764705882353,0.17647058823529413,9,8,A
1718,2026-01-18,1675.83,1449.45,7,4,0.7411764705882353,0.13636363636363635,14,8,H
1719,2026-01-18,1552.56,1498.77,13,5,0.38372093023255816,0.2441860465116279,6,7,H
1720,2026-01-18,1494.21,1781.56,5,15,0.47058823529411764,0.627906976744186,9,15,H
1721,2026-01-19,1437.29,1438.45,7,4,0.3125,0.27058823529411763,9,7,D
1722,2026-01-23,1428.05,1435.19,5,5,0.18518518518518517,0.1276595744680851,6,4,H
1723,2026-01-24,1492.32,1492.19,5,7,0.3411764705882353,0.22093023255813954,6,7,A
1724,2026-01-24,1483.95,1514.18,5,7,0.3953488372093023,0.18181818181818182,6,8,H
1725,2026-01-24,1440.55,1557.92,4,4,0.3953488372093023,0.313953488372093,5,7,H
1726,2026-01-24,1659.88,1756.02,9,12,0.5348837209302325,0.6162790697674418,7,7,A
1727,2026-01-25,1678.83,1466.85,10,7,0.7441860465116279,0.18604651162790697,7,8,H
1728,2026-01-25,1766.11,1442.68,12,3,0.7647058823529411,0.1,7,8,H
1729,2026-01-25,1509.66,1559.01,8,13,0.47674418604651164,0.27058823529411763,7,7,H
1730,2026-01-25,1446.46,1592.76,1,8,0.3880597014925373,0.36046511627906974,7,8,H
1731,2026-01-26,1500.09,1432.36,12,1,0.5223880597014925,0.18604651162790697,10,8,D
1732,2026-01-30,1505.46,1458.48,4,4,0.39705882352941174,0.13432835820895522,6,5,A
1733,2026-01-31,1440.85,1496.2,3,10,0.1,0.29850746268656714,6,5,H
1734,2026-01-31,1504.32,1650.49,10,6,0.4418604651162791,0.4235294117647059,7,7,D
1735,2026-01-31,1436.13,1682.05,8,13,0.21428571428571427,0.4418604651162791,8,6,D
1736,2026-01-31,1427.12,1767.94,5,12,0.30612244897959184,0.6206896551724138,8,6,A
1737,2026-02-01,1765.41,1480.19,15,4,0.7790697674418605,0.2413793103448276,8,8,H
1738,2026-02-01,1580.74,1492.67,7,8,0.5,0.18604651162790697,7,8,H
1739,2026-02-01,1436.25,1549.75,2,10,0.3372093023255814,0.26744186046511625,6,7,D
1740,2026-02-01,1546.71,1518.92,1,11,0.5348837209302325,0.37209302325581395,8,7,D
1741,2026-02-02,1463.63,1451.76,4,4,0.3953488372093023,0.26744186046511625,8,9,H
1742,2026-02-06,1548.65,1506.34,10,8,0.39080459770114945,0.22988505747126436,5,6,A
1743,2026-02-07,1771.5,1471.18,12,6,0.7674418604651163,0.1839080459770115,7,5,H
1744,2026-02-07,1521.8,1423.56,11,2,0.4827586206896552,0.125,6,7,H
1745,2026-02-08,1471.85,1437.36,7,3,0.39705882352941174,0.1839080459770115,9,7,A
1746,2026-02-08,1543.83,1440.68,2,8,0.5287356321839081,0.2,7,8,H
1747,2026-02-08,1444.21,1486.76,4,10,0.40229885057471265,0.29411764705882354,6,8,D
1748,2026-02-08,1677.49,1586.36,11,7,0.7471264367816092,0.3563218390804598,8,7,A
1749,2026-02-08,1487.05,1767.65,7,15,0.40229885057471265,0.6206896551724138,7,7,A
1750,2026-02-09,1648.47,1492.09,7,1,0.5287356321839081,0.1791044776119403,9,10,H
1751,2026-02-13,1418.17,1519.59,2,10,0.3,0.23863636363636365,6,7,D
1752,2026-02-14,1487.91,1535.39,1,7,0.391304347826087,0.26436781609195403,5,8,D
1753,2026-02-14,1450.41,1652.65,5,7,0.3333333333333333,0.4186046511627907,6,5,H
1754,2026-02-14,1443.28,1458.8,5,6,0.3977272727272727,0.14705882352941177,6,6,D
1755,2026-02-14,1772.34,1527.19,15,13,0.7816091954022989,0.367816091954023,6,7,H
1756,2026-02-15,1450.29,1549.11,5,5,0.18181818181818182,0.3103448275862069,15,7,A
1757,2026-02-15,1477.96,1663.04,4,8,0.3372093023255814,0.4367816091954023,14,7,H
1758,2026-02-15,1435.4,1482.36,5,7,0.20689655172413793,0.1839080459770115,7,7,A
1759,2026-02-15,1469.11,1600.81,6,10,0.40229885057471265,0.36363636363636365,8,7,A
1760,2026-02-16,1487.69,1773.57,8,12,0.5147058823529411,0.625,8,9,H
1761,2026-02-18,1424.6,1639.14,4,4,0.2,0.41379310344827586,3,4,A
1762,2026-02-20,1558.43,1418.93,7,2,0.5340909090909091,0.12244897959183673,5,7,H
1763,2026-02-21,1524.45,1440.97,10,4,0.48863636363636365,0.09090909090909091,7,6,D
1764,2026-02-21,1609.19,1491.02,12,6,0.5057471264367817,0.23863636363636365,6,6,D
1765,2026-02-21,1518.83,1775.07,11,15,0.4367816091954023,0.625,8,7,H
1766,2026-02-21,1649.97,1487.12,7,1,0.7386363636363636,0.17647058823529413,6,7,H
1767,2026-02-22,1463.92,1441.58,8,6,0.3409090909090909,0.26436781609195403,8,8,A
1768,2026-02-22,1758.15,1418.41,9,4,0.7701149425287356,0.1935483870967742,6,4,H
1769,2026-02-22,1536.18,1460.73,5,6,0.38636363636363635,0.18181818181818182,8,7,H
1770,2026-02-22,1645.32,1493.16,7,9,0.5340909090909091,0.19318181818181818,4,7,H
1771,2026-02-23,1460.5,1503.11,7,8,0.391304347826087,0.2898550724637681,9,7,D
1772,2026-02-27,1416.73,1459.57,1,8,0.1935483870967742,0.14492753623188406,5,4,H
1773,2026-02-28,1496.07,1562.93,4,10,0.3448275862068966,0.3181818181818182,7,8,D
1774,2026-02-28,1759.83,1649.58,12,10,0.7727272727272727,0.42045454545454547,6,6,H
1775,2026-02-28,1454.81,1520.19,3,8,0.3977272727272727,0.36363636363636365,6,7,A
1776,2026-02-28,1445.24,1654.03,4,7,0.16666666666666666,0.4318181818181818,7,7,A
1777,2026-03-01,1414.43,1483.06,1,1,0.29411764705882354,0.17391304347826086,9,8,D
1778,2026-03-01,1488.91,1533.62,6,11,0.3977272727272727,0.23595505617977527,7,8,H
1779,2026-03-01,1604.14,1454.31,10,8,0.5,0.2727272727272727,8,7,D
1780,2026-03-01,1504.04,1542.1,6,5,0.5217391304347826,0.26136363636363635,6,7,A
1781,2026-03-02,1760.28,1451.19,12,8,0.7840909090909091,0.19318181818181818,9,8,A
1782,2026-03-04,1495.84,1438.91,5,4,0.3409090909090909,0.08333333333333333,4,4,H
1783,2026-03-06,1553.16,1742.25,8,9,0.39325842696629215,0.6179775280898876,5,4,A
1784,2026-03-07,1524.49,1444.53,8,3,0.4431818181818182,0.1797752808988764,6,7,D
1785,2026-03-07,1425.81,1492.98,3,5,0.21875,0.2857142857142857,8,6,D
1786,2026-03-07,1660.36,1530.46,7,8,0.7415730337078652,0.3707865168539326,7,7,H
1787,2026-03-07,1563.17,1764.95,11,12,0.5393258426966292,0.6179775280898876,7,7,A
1788,2026-03-08,1644.46,1414.24,9,2,0.5393258426966292,0.12,8,7,H
1789,2026-03-08,1469.21,1598.45,10,11,0.33707865168539325,0.3707865168539326,6,7,H
1790,2026-03-08,1460.01,1502.22,6,8,0.39325842696629215,0.23595505617977527,7,4,D
1791,2026-03-08,1498.04,1450.49,6,5,0.4044943820224719,0.14285714285714285,7,9,H
1792,2026-03-09,1483.25,1432.54,2,4,0.38571428571428573,0.07692307692307693,8,5,D
1793,2026-03-13,1443.88,1647.4,2,9,0.38571428571428573,0.4157303370786517,5,5,D
1794,2026-03-14,1493.21,1556.66,6,10,0.5142857142857142,0.3146067415730337,7,7,H
1795,2026-03-14,1665.06,1480.76,9,12,0.7444444444444445,0.20224719101123595,7,6,H
1796,2026-03-14,1436.0,1504.65,2,9,0.15384615384615385,0.19101123595505617,5,6,H
1797,2026-03-14,1749.08,1411.3,9,2,0.7752808988764045,0.11764705882352941,8,6,H
1798,2026-03-15,1448.72,1479.78,1,3,0.39325842696629215,0.17142857142857143,8,6,H
1799,2026-03-15,1771.46,1459.07,12,7,0.7752808988764045,0.2696629213483146,8,7,H
1800,2026-03-15,1586.9,1546.33,8,7,0.4943820224719101,0.2696629213483146,7,9,D
1801,2026-03-15,1525.76,1520.31,7,8,0.48314606741573035,0.23333333333333334,8,8,H
1802,2026-03-16,1503.16,1425.58,9,4,0.34831460674157305,0.1875,8,9,D
1803,2026-03-20,1643.86,1533.48,10,7,0.5444444444444444,0.36666666666666664,7,5,H
1804,2026-03-21,1409.6,1457.46,2,4,0.28846153846153844,0.17777777777777778,7,6,H
1805,2026-03-21,1471.04,1477.09,3,9,0.38028169014084506,0.2,6,7,A
1806,2026-03-21,1429.71,1445.82,5,5,0.21212121212121213,0.07142857142857142,5,7,H
1807,2026-03-21,1512.58,1502.88,5,8,0.43820224719101125,0.28169014084507044,6,7,H
1808,2026-03-21,1457.13,1494.83,6,9,0.3888888888888889,0.18888888888888888,6,7,A
1809,2026-03-22,1773.4,1499.03,12,7,0.7777777777777778,0.23333333333333334,7,6,H
1810,2026-03-22,1549.54,1447.42,8,3,0.3888888888888889,0.14084507042253522,7,9,A
1811,2026-03-22,1546.99,1583.69,7,6,0.5333333333333333,0.36666666666666664,8,7,H
1812,2026-03-22,1750.78,1668.73,9,12,0.7777777777777778,0.43820224719101125,8,8,H
1813,2026-04-03,1496.67,1418.82,6,4,0.34444444444444444,0.11538461538461539,12,13,H
1814,2026-04-04,1528.37,1438.03,7,8,0.4888888888888889,0.18181818181818182,15,14,H
1815,2026-04-04,1448.24,1756.55,4,9,0.4,0.6222222222222222,14,13,H
1816,2026-04-04,1574.79,1459.08,3,2,0.4888888888888889,0.16901408450704225,13,14,D
1817,2026-04-04,1662.97,1775.76,12,15,0.7472527472527473,0.6222222222222222,13,13,A
1818,2026-04-05,1489.05,1555.9,9,7,0.34444444444444444,0.3111111111111111,15,14,H
1819,2026-04-05,1505.9,1534.84,9,7,0.4111111111111111,0.26666666666666666,15,14,A
1820,2026-04-05,1437.5,1446.06,4,5,0.21428571428571427,0.26666666666666666,15,15,H
1821,2026-04-05,1462.12,1520.19,5,7,0.38028169014084506,0.23076923076923078,14,15,D
1822,2026-04-06,1495.27,1648.98,5,10,0.5211267605633803,0.4111111111111111,16,17,H
1823,2026-04-10,1740.69,1507.5,9,7,0.7802197802197802,0.2777777777777778,6,4,D
1824,2026-04-11,1533.94,1461.63,9,5,0.4945054945054945,0.1527777777777778,7,6,D
1825,2026-04-11,1412.96,1494.58,4,9,0.3018867924528302,0.1978021978021978,8,6,H
1826,2026-04-11,1784.68,1464.07,15,3,0.7802197802197802,0.16666666666666666,7,7,H
1827,2026-04-11,1437.95,1654.05,2,9,0.38461538461538464,0.43333333333333335,6,7,H
1828,2026-04-12,1520.68,1569.79,5,3,0.4444444444444444,0.3626373626373626,7,8,D
1829,2026-04-12,1464.1,1502.53,7,8,0.4065934065934066,0.23076923076923078,8,9,H
1830,2026-04-12,1546.16,1445.61,7,7,0.38461538461538464,0.06666666666666667,7,7,A
1831,2026-04-12,1546.13,1636.76,4,7,0.5384615384615384,0.4065934065934066,7,6,A
1832,2026-04-13,1432.46,1498.81,8,12,0.23529411764705882,0.2087912087912088,9,8,H
1833,2026-04-21,1536.58,1519.93,3,6,0.532608695652174,0.22826086956521738,9,9,H
1834,2026-04-21,1473.05,1484.39,10,6,0.41304347826086957,0.1956521739130435,9,10,D
1835,2026-04-21,1514.59,1570.53,8,3,0.5277777777777778,0.358695652173913,11,9,A
1836,2026-04-21,1733.59,1465.63,10,6,0.7717391304347826,0.1506849315068493,11,10,H
1837,2026-04-22,1423.15,1640.2,6,6,0.3148148148148148,0.42857142857142855,11,11,H
1838,2026-04-22,1529.93,1489.06,7,9,0.4891304347826087,0.20652173913043478,11,9,A
1839,2026-04-22,1786.54,1531.5,15,4,0.782608695652174,0.27472527472527475,11,10,H
1840,2026-04-23,1442.21,1451.8,8,4,0.2571428571428571,0.26373626373626374,10,12,H
1841,2026-04-23,1493.58,1462.21,5,2,0.3516483516483517,0.1643835616438356,11,12,H
1842,2026-04-23,1460.27,1646.31,10,10,0.26666666666666666,0.41304347826086957,11,11,D
1843,2026-04-24,1581.08,1736.03,6,10,0.4835164835164835,0.6153846153846154,3,3,D
1844,2026-04-25,1463.19,1471.24,6,10,0.375,0.17582417582417584,4,4,H
1845,2026-04-25,1502.28,1789.14,9,15,0.3516483516483517,0.6263736263736264,3,3,A
1846,2026-04-25,1486.2,1504.05,4,7,0.4065934065934066,0.273972602739726,4,4,H
1847,2026-04-25,1626.32,1544.0,3,6,0.7391304347826086,0.3076923076923077,3,4,H
1848,2026-04-26,1500.61,1516.72,7,7,0.358695652173913,0.3626373626373626,3,4,D
1849,2026-04-26,1463.36,1437.02,10,9,0.25,0.11320754716981132,3,4,A
1850,2026-04-26,1512.51,1443.66,5,3,0.43956043956043955,0.2608695652173913,5,3,H
1851,2026-04-26,1643.22,1528.9,8,4,0.5494505494505495,0.2717391304347826,3,4,H
1852,2026-04-27,1455.18,1450.35,1,10,0.375,0.17647058823529413,4,4,D
1853,2026-05-01,1495.68,1463.14,4,7,0.5205479452054794,0.17391304347826086,6,6,A
1854,2026-05-02,1648.25,1452.61,10,10,0.5543478260869565,0.17142857142857143,6,5,H
1855,2026-05-02,1494.57,1632.08,7,3,0.41304347826086957,0.42391304347826086,7,7,A
1856,2026-05-02,1471.29,1538.24,8,6,0.3835616438356164,0.30434782608695654,7,7,A
1857,2026-05-02,1518.59,1793.7,8,15,0.44565217391304346,0.6304347826086957,6,7,A
1858,2026-05-03,1523.86,1449.86,3,12,0.3804347826086957,0.12962962962962962,7,7,H
1859,2026-05-03,1497.72,1498.93,9,7,0.34782608695652173,0.22826086956521738,8,7,A
1860,2026-05-03,1583.34,1450.53,6,7,0.4782608695652174,0.125,9,7,H
1861,2026-05-03,1452.93,1733.77,2,8,0.3698630136986301,0.6086956521739131,6,9,A
1862,2026-05-04,1437.58,1518.4,3,5,0.391304347826087,0.358695652173913,8,8,H
1863,2026-05-08,1449.13,1513.79,7,5,0.2777777777777778,0.22580645161290322,6,6,H
1864,2026-05-09,1443.9,1461.06,9,5,0.32727272727272727,0.14864864864864866,6,7,D
1865,2026-05-09,1447.75,1448.24,6,2,0.3978494623655914,0.16216216216216217,5,6,H
1866,2026-05-09,1640.3,1529.82,6,6,0.7419354838709677,0.26881720430107525,7,6,A
1867,2026-05-09,1508.23,1587.99,5,9,0.4838709677419355,0.3655913978494624,5,6,D
1868,2026-05-10,1476.14,1651.73,10,10,0.40860215053763443,0.40860215053763443,9,8,D
1869,2026-05-10,1548.48,1486.35,6,4,0.5376344086021505,0.1935483870967742,8,8,A
1870,2026-05-10,1445.88,1485.63,7,6,0.23529411764705882,0.21505376344086022,7,7,D
1871,2026-05-10,1798.5,1738.45,15,8,0.7849462365591398,0.6129032258064516,8,7,H
1872,2026-05-11,1511.02,1482.68,10,4,0.3548387096774194,0.2702702702702703,8,10,D
1873,2026-05-12,1544.7,1458.83,6,10,0.3870967741935484,0.16666666666666666,3,4,A
1874,2026-05-12,1587.85,1442.25,9,10,0.4838709677419355,0.12727272727272726,3,3,H
1875,2026-05-12,1504.09,1625.42,4,6,0.44086021505376344,0.43010752688172044,4,3,A
1876,2026-05-13,1440.35,1534.72,1,6,0.36486486486486486,0.3118279569892473,4,3,H
1877,2026-05-13,1648.91,1455.63,11,9,0.5591397849462365,0.25806451612903225,3,4,A
1878,2026-05-13,1462.71,1804.8,5,15,0.3783783783783784,0.6344086021505376,4,3,H
1879,2026-05-13,1486.64,1478.96,4,8,0.34408602150537637,0.1827956989247312,3,3,H
1880,2026-05-14,1500.11,1508.13,7,8,0.40860215053763443,0.23655913978494625,4,3,D
1881,2026-05-14,1485.57,1508.37,2,3,0.5135135135135135,0.3548387096774194,3,5,D
1882,2026-05-14,1732.15,1444.87,8,5,0.7741935483870968,0.11764705882352941,4,4,H
1883,2026-05-17,1524.17,1530.38,6,6,0.5319148936170213,0.2765957446808511,4,5,D
1884,2026-05-17,1634.09,1484.08,9,2,0.7340425531914894,0.26666666666666666,5,3,H
1885,2026-05-17,1437.87,1494.3,7,7,0.32142857142857145,0.2127659574468085,5,4,H
1886,2026-05-17,1473.16,1471.29,10,5,0.2972972972972973,0.18085106382978725,5,4,H
1887,2026-05-17,1495.41,1450.91,3,4,0.43617021276595747,0.16,5,4,A
1888,2026-05-17,1442.66,1479.17,2,7,0.2222222222222222,0.14666666666666667,3,4,A
1889,2026-05-17,1472.12,1734.36,9,10,0.40425531914893614,0.6063829787234043,4,3,A
1890,2026-05-17,1509.86,1498.2,3,8,0.4787234042553192,0.20212765957446807,3,3,A
1891,2026-05-17,1510.04,1632.43,9,8,0.35106382978723405,0.40425531914893614,3,4,H
1892,2026-05-17,1788.34,1592.23,12,11,0.7872340425531915,0.3617021276595745,4,5,H
1893,2026-05-23,1490.27,1521.39,10,9,0.38666666666666666,0.23404255319148937,6,6,A
1894,2026-05-23,1588.76,1480.98,8,10,0.48936170212765956,0.1891891891891892,6,6,H
1895,2026-05-23,1532.33,1467.04,7,9,0.3829787234042553,0.26595744680851063,6,6,H
1896,2026-05-23,1464.22,1497.41,7,3,0.37333333333333335,0.35106382978723405,6,6,D
1897,2026-05-23,1484.83,1482.1,4,3,0.35106382978723405,0.22340425531914893,6,6,H
1898,2026-05-23,1479.78,1447.33,2,7,0.5066666666666667,0.125,6,6,D
1899,2026-05-23,1463.47,1431.56,4,1,0.40425531914893614,0.1111111111111111,6,6,H
1900,2026-05-23,1739.44,1522.21,10,4,0.776595744680851,0.30851063829787234,6,6,H
1901,2026-05-23,1510.65,1791.81,10,12,0.40425531914893614,0.6276595744680851,6,6,H
1902,2026-05-24,1621.07,1638.39,7,12,0.5531914893617021,0.43617021276595747,7,7,H
